Hugo_Symbol	Entrez_Gene_Id	Center	NCBI_Build	Chromosome	Start_Position	End_Position	Strand	Consequence	Variant_Classification	Variant_Type	Reference_Allele	Tumor_Seq_Allele1	Tumor_Seq_Allele2	dbSNP_RS	dbSNP_Val_Status	Matched_Norm_Sample_Barcode	Match_Norm_Seq_Allele1	Match_Norm_Seq_Allele2	Tumor_Validation_Allele1	Tumor_Validation_Allele2	Match_Norm_Validation_Allele1	Match_Norm_Validation_Allele2	Verification_Status	Validation_Status	Mutation_Status	Sequencing_Phase	Sequence_Source	Validation_Method	Score	BAM_File	Sequencer	t_ref_count	t_alt_count	n_ref_count	n_alt_count	HGVSc	HGVSp	HGVSp_Short	Transcript_ID	RefSeq	Protein_position	Codons	Exon_Number	gnomAD_AF	gnomAD_AFR_AF	gnomAD_AMR_AF	gnomAD_ASJ_AF	gnomAD_EAS_AF	gnomAD_FIN_AF	gnomAD_NFE_AF	gnomAD_OTH_AF	gnomAD_SAS_AF	FILTER	Polyphen_Prediction	Polyphen_Score	SIFT_Prediction	SIFT_Score	SWISSPROT	n_depth	t_depth	Annotation_Status	mutationInCis_Flag	SampleID.x	SampleID.y
HNF1A	6927	MSK	GRCh37	12	121416777	121416777	+	missense_variant	Missense_Mutation	SNP	G	G	C		NA				NA	NA	NA	NA	Unknown	NA	SOMATIC	NA	NA	NA	NA	NA	NA	571	111	316	0	ENST00000257555.6:c.206G>C	p.Gly69Ala	p.G69A	ENST00000257555		69	gGc/gCc	1/10	NA	NA	NA	NA	NA	NA	NA	NA	NA	PASS	possibly_damaging	0.543	tolerated	0.56	NA	316	682	SUCCESS	False	Sample8	Sample8
PIK3R1	5295	MSK	GRCh37	5	67576550	67576550	+	missense_variant	Missense_Mutation	SNP	G	G	C		NA				NA	NA	NA	NA	Unknown	NA	SOMATIC	NA	NA	NA	NA	NA	NA	396	94	169	0	ENST00000521381.1:c.829G>C	p.Ala277Pro	p.A277P	ENST00000521381	NM_181523.2	277	Gca/Cca	6/16	NA	NA	NA	NA	NA	NA	NA	NA	NA	PASS	benign	0.003	tolerated	0.42	NA	169	490	SUCCESS	False	Sample8	Sample8
CUL3	8452	MSK	GRCh37	2	225371704	225371704	+	stop_gained	Nonsense_Mutation	SNP	G	G	C		NA				NA	NA	NA	NA	Unknown	NA	SOMATIC	NA	NA	NA	NA	NA	NA	577	114	188	0	ENST00000264414.4:c.900C>G	p.Tyr300Ter	p.Y300*	ENST00000264414	NM_003590.4	300	taC/taG	7/16	NA	NA	NA	NA	NA	NA	NA	NA	NA	PASS		NA		NA	NA	188	691	SUCCESS	False	Sample8	Sample8
PALB2	79728	MSK	GRCh37	16	23641471	23641471	+	missense_variant	Missense_Mutation	SNP	C	C	G		NA				NA	NA	NA	NA	Unknown	NA	SOMATIC	NA	NA	NA	NA	NA	NA	649	133	341	0	ENST00000261584.4:c.2004G>C	p.Met668Ile	p.M668I	ENST00000261584	NM_024675.3	668	atG/atC	5/13	NA	NA	NA	NA	NA	NA	NA	NA	NA	PASS	benign	0.007	tolerated	0.2	NA	341	782	SUCCESS	False	Sample8	Sample8
POLE	5426	MSK	GRCh37	12	133252789	133252789	+	missense_variant,splice_region_variant	Missense_Mutation	SNP	C	C	T		NA				NA	NA	NA	NA	Unknown	NA	SOMATIC	NA	NA	NA	NA	NA	NA	555	100	229	0	ENST00000320574.5:c.911G>A	p.Gly304Asp	p.G304D	ENST00000320574	NM_006231.2	304	gGc/gAc	10/49	NA	NA	NA	NA	NA	NA	NA	NA	NA	PASS	probably_damaging	0.999	deleterious	0	NA	229	655	SUCCESS	False	Sample6	Sample6
IGF1R	3480	MSK	GRCh37	15	99467866	99467866	+	missense_variant	Missense_Mutation	SNP	G	G	T		NA				NA	NA	NA	NA	Unknown	NA	SOMATIC	NA	NA	NA	NA	NA	NA	485	72	203	0	ENST00000268035.6:c.2735G>T	p.Gly912Val	p.G912V	ENST00000268035	NM_000875.3	912	gGg/gTg	13/21	NA	NA	NA	NA	NA	NA	NA	NA	NA	PASS	probably_damaging	0.999	deleterious	0	NA	203	557	SUCCESS	False	Sample8	Sample8
FAT1	2195	MSK	GRCh37	4	187532732	187532732	+	missense_variant	Missense_Mutation	SNP	G	G	A		NA				NA	NA	NA	NA	Unknown	NA	SOMATIC	NA	NA	NA	NA	NA	NA	702	90	234	0	ENST00000441802.2:c.9661C>T	p.Leu3221Phe	p.L3221F	ENST00000441802	NM_005245.3	3221	Ctt/Ttt	14/27	NA	NA	NA	NA	NA	NA	NA	NA	NA	PASS	probably_damaging	1	deleterious	0	NA	234	792	SUCCESS	False	Sample8	Sample8
SMAD3	4088	MSK	GRCh37	15	67358538	67358538	+	missense_variant	Missense_Mutation	SNP	C	C	G		NA				NA	NA	NA	NA	Unknown	NA	SOMATIC	NA	NA	NA	NA	NA	NA	395	60	149	0	ENST00000327367.4:c.46C>G	p.Leu16Val	p.L16V	ENST00000327367	NM_005902.3	16	Ctg/Gtg	1/9	NA	NA	NA	NA	NA	NA	NA	NA	NA	PASS	benign	0.255	tolerated	0.08	NA	149	455	SUCCESS	False	Sample8	Sample8
TP53	7157	MSK	GRCh37	17	7577127	7577127	+	missense_variant	Missense_Mutation	SNP	C	C	T	rs1060501191	NA				NA	NA	NA	NA	Unknown	NA	SOMATIC	NA	NA	NA	NA	NA	NA	27	61	105	0	ENST00000269305.4:c.811G>A	p.Glu271Lys	p.E271K	ENST00000269305	NM_001126112.2	271	Gag/Aag	8/11	NA	NA	NA	NA	NA	NA	NA	NA	NA	PASS	probably_damaging	0.999	deleterious	0	NA	105	88	SUCCESS	False	Sample7	Sample7
FGFR2	2263	MSK	GRCh37	10	123243247	123243247	+	missense_variant	Missense_Mutation	SNP	C	C	G		NA				NA	NA	NA	NA	Unknown	NA	SOMATIC	NA	NA	NA	NA	NA	NA	587	119	240	0	ENST00000358487.5:c.2266G>C	p.Asp756His	p.D756H	ENST00000358487	NM_000141.4	756	Gac/Cac	17/18	NA	NA	NA	NA	NA	NA	NA	NA	NA	PASS	benign	0.305	deleterious	0.01	NA	240	706	SUCCESS	False	Sample8	Sample8
PDCD1	5133	MSK	GRCh37	2	242794836	242794836	+	missense_variant	Missense_Mutation	SNP	C	C	G		NA				NA	NA	NA	NA	Unknown	NA	SOMATIC	NA	NA	NA	NA	NA	NA	285	53	128	0	ENST00000334409.5:c.373G>C	p.Ala125Pro	p.A125P	ENST00000334409	NM_005018.2	125	Gcc/Ccc	2/5	NA	NA	NA	NA	NA	NA	NA	NA	NA	PASS	probably_damaging	0.999	deleterious	0.01	NA	128	338	SUCCESS	False	Sample8	Sample8
ASXL1	171023	MSK	GRCh37	20	31022992	31022992	+	missense_variant	Missense_Mutation	SNP	G	G	T		NA				NA	NA	NA	NA	Unknown	NA	SOMATIC	NA	NA	NA	NA	NA	NA	514	602	194	0	ENST00000375687.4:c.2477G>T	p.Gly826Val	p.G826V	ENST00000375687	NM_015338.5	826	gGa/gTa	13/13	NA	NA	NA	NA	NA	NA	NA	NA	NA	PASS	benign	0.021	deleterious_low_confidence	0.03	NA	194	1116	SUCCESS	False	Sample8	Sample8
TERT	7015	MSK	GRCh37	5	1293613	1293613	+	missense_variant	Missense_Mutation	SNP	C	C	T		NA				NA	NA	NA	NA	Unknown	NA	SOMATIC	NA	NA	NA	NA	NA	NA	451	136	187	0	ENST00000310581.5:c.1388G>A	p.Gly463Asp	p.G463D	ENST00000310581	NM_198253.2	463	gGc/gAc	2/16	NA	NA	NA	NA	NA	NA	NA	NA	NA	PASS	possibly_damaging	0.598	tolerated	0.51	NA	187	587	SUCCESS	False	Sample6	Sample6
SETD2	29072	MSK	GRCh37	3	47103679	47103679	+	missense_variant	Missense_Mutation	SNP	C	C	G		NA				NA	NA	NA	NA	Unknown	NA	SOMATIC	NA	NA	NA	NA	NA	NA	623	123	218	0	ENST00000409792.3:c.6267G>C	p.Glu2089Asp	p.E2089D	ENST00000409792	NM_014159.6	2089	gaG/gaC	14/21	NA	NA	NA	NA	NA	NA	NA	NA	NA	PASS	possibly_damaging	0.824	deleterious	0.05	NA	218	746	SUCCESS	False	Sample8	Sample8
SMO	6608	MSK	GRCh37	7	128848618	128848618	+	missense_variant	Missense_Mutation	SNP	C	C	T		NA				NA	NA	NA	NA	Unknown	NA	UNKNOWN	NA	NA	NA	NA	NA	NA	749	145	361	0	ENST00000249373.3:c.1283C>T	p.Ser428Phe	p.S428F	ENST00000249373	NM_005631.4	428	tCc/tTc	7/12	NA	NA	NA	NA	NA	NA	NA	NA	NA	PASS	probably_damaging	0.944	tolerated	0.09	NA	361	894	SUCCESS	False	Sample2	Sample2
BRD4	23476	MSK	GRCh37	19	15379774	15379774	+	missense_variant	Missense_Mutation	SNP	G	G	C		NA				NA	NA	NA	NA	Unknown	NA	SOMATIC	NA	NA	NA	NA	NA	NA	781	173	273	0	ENST00000263377.2:c.365C>G	p.Ala122Gly	p.A122G	ENST00000263377	NM_058243.2	122	gCt/gGt	3/20	NA	NA	NA	NA	NA	NA	NA	NA	NA	PASS	probably_damaging	0.994	deleterious	0.03	NA	273	954	SUCCESS	False	Sample8	Sample8
NBN	4683	MSK	GRCh37	8	90958429	90958429	+	missense_variant	Missense_Mutation	SNP	C	C	G		NA				NA	NA	NA	NA	Unknown	NA	UNKNOWN	NA	NA	NA	NA	NA	NA	571	189	345	0	ENST00000265433.3:c.2009G>C	p.Arg670Thr	p.R670T	ENST00000265433	NM_002485.4	670	aGa/aCa	13/16	NA	NA	NA	NA	NA	NA	NA	NA	NA	PASS	benign	0.277	tolerated	0.25	NA	345	760	SUCCESS	False	Sample2	Sample2
FGFR3	2261	MSK	GRCh37	4	1806225	1806225	+	missense_variant	Missense_Mutation	SNP	C	C	T		NA				NA	NA	NA	NA	Unknown	NA	SOMATIC	NA	NA	NA	NA	NA	NA	286	194	327	0	ENST00000260795.2:c.1244C>T	p.Ser415Phe	p.S415F	ENST00000260795		415	tCc/tTc	8/17	NA	NA	NA	NA	NA	NA	NA	NA	NA	PASS	possibly_damaging	0.905	deleterious	0	NA	327	480	SUCCESS	False	Sample4	Sample4
PTEN	5728	MSK	GRCh37	10	89692854	89692854	+	missense_variant	Missense_Mutation	SNP	G	G	C		NA				NA	NA	NA	NA	Unknown	NA	SOMATIC	NA	NA	NA	NA	NA	NA	157	53	51	0	ENST00000371953.3:c.338G>C	p.Ser113Thr	p.S113T	ENST00000371953	NM_000314.4	113	aGt/aCt	5/9	NA	NA	NA	NA	NA	NA	NA	NA	NA	PASS	possibly_damaging	0.6	tolerated	0.13	NA	51	210	SUCCESS	False	Sample8	Sample8
PIM1	5292	MSK	GRCh37	6	37139036	37139036	+	missense_variant	Missense_Mutation	SNP	G	G	T		NA				NA	NA	NA	NA	Unknown	NA	SOMATIC	NA	NA	NA	NA	NA	NA	489	85	148	0	ENST00000373509.5:c.376G>T	p.Val126Leu	p.V126L	ENST00000373509	NM_002648.3	126	Gtg/Ttg	4/6	NA	NA	NA	NA	NA	NA	NA	NA	NA	PASS	benign	0.11	tolerated	0.1	NA	148	574	SUCCESS	False	Sample8	Sample8
NCOR1	9611	MSK	GRCh37	17	15960969	15960969	+	stop_gained	Nonsense_Mutation	SNP	G	G	C		NA				NA	NA	NA	NA	Unknown	NA	SOMATIC	NA	NA	NA	NA	NA	NA	579	118	244	0	ENST00000268712.3:c.6251C>G	p.Ser2084Ter	p.S2084*	ENST00000268712	NM_006311.3	2084	tCa/tGa	40/46	NA	NA	NA	NA	NA	NA	NA	NA	NA	PASS		NA		NA	NA	244	697	SUCCESS	False	Sample6	Sample6
JAK3	3718	MSK	GRCh37	19	17942138	17942138	+	missense_variant	Missense_Mutation	SNP	G	G	C		NA				NA	NA	NA	NA	Unknown	NA	UNKNOWN	NA	NA	NA	NA	NA	NA	398	135	377	0	ENST00000458235.1:c.2877C>G	p.Ser959Arg	p.S959R	ENST00000458235	NM_000215.3	959	agC/agG	21/24	NA	NA	NA	NA	NA	NA	NA	NA	NA	PASS	benign	0.438	tolerated	0.06	NA	377	533	SUCCESS	False	Sample2	Sample2
FGFR3	2261	MSK	GRCh37	4	1805418	1805418	+	splice_acceptor_variant	Splice_Site	SNP	G	G	A		NA				NA	NA	NA	NA	Unknown	NA	SOMATIC	NA	NA	NA	NA	NA	NA	425	111	163	0	ENST00000260795.2:c.931-1G>A		p.X311_splice	ENST00000260795		311			NA	NA	NA	NA	NA	NA	NA	NA	NA	PASS		NA		NA	NA	163	536	SUCCESS	False	Sample8	Sample8
PAK7	0	MSK	GRCh37	20	9560921	9560921	+	missense_variant	Missense_Mutation	SNP	C	C	A		NA				NA	NA	NA	NA	Unknown	NA	UNKNOWN	NA	NA	NA	NA	NA	NA	375	356	429	0	ENST00000353224.5:c.861G>T	p.Arg287Ser	p.R287S	ENST00000353224	NM_177990.2	287	agG/agT	4/10	NA	NA	NA	NA	NA	NA	NA	NA	NA	PASS	benign	0.013	tolerated	0.55	NA	429	731	SUCCESS	False	Sample2	Sample2
ARID2	196528	MSK	GRCh37	12	46287316	46287316	+	missense_variant	Missense_Mutation	SNP	G	G	C		NA				NA	NA	NA	NA	Unknown	NA	SOMATIC	NA	NA	NA	NA	NA	NA	454	96	163	0	ENST00000334344.6:c.5261G>C	p.Arg1754Pro	p.R1754P	ENST00000334344	NM_152641.2	1754	cGa/cCa	19/21	NA	NA	NA	NA	NA	NA	NA	NA	NA	PASS	probably_damaging	0.977	tolerated	0.06	NA	163	550	SUCCESS	False	Sample8	Sample8
INPP4A	3631	MSK	GRCh37	2	99172167	99172167	+	missense_variant	Missense_Mutation	SNP	G	G	C		NA				NA	NA	NA	NA	Unknown	NA	SOMATIC	NA	NA	NA	NA	NA	NA	380	54	154	0	ENST00000074304.5:c.1733G>C	p.Ser578Thr	p.S578T	ENST00000074304	NM_001134224.1	578	aGc/aCc	17/26	NA	NA	NA	NA	NA	NA	NA	NA	NA	PASS	benign	0.001	tolerated	0.43	NA	154	434	SUCCESS	False	Sample8	Sample8
NOTCH1	4851	MSK	GRCh37	9	139391824	139391824	+	stop_gained	Nonsense_Mutation	SNP	G	G	A		NA				NA	NA	NA	NA	Unknown	NA	SOMATIC	NA	NA	NA	NA	NA	NA	298	65	161	0	ENST00000277541.6:c.6367C>T	p.Gln2123Ter	p.Q2123*	ENST00000277541	NM_017617.3	2123	Cag/Tag	34/34	NA	NA	NA	NA	NA	NA	NA	NA	NA	PASS		NA		NA	NA	161	363	SUCCESS	False	Sample8	Sample8
NPM1	4869	MSK	GRCh37	5	170827184	170827184	+	missense_variant	Missense_Mutation	SNP	G	G	C		NA				NA	NA	NA	NA	Unknown	NA	SOMATIC	NA	NA	NA	NA	NA	NA	477	147	164	0	ENST00000296930.5:c.552G>C	p.Glu184Asp	p.E184D	ENST00000296930	NM_002520.6	184	gaG/gaC	7/11	NA	NA	NA	NA	NA	NA	NA	NA	NA	PASS	benign	0.053	tolerated	0.24	NA	164	624	SUCCESS	False	Sample8	Sample8
ARID1A	8289	MSK	GRCh37	1	27094349	27094349	+	missense_variant	Missense_Mutation	SNP	G	G	C		NA				NA	NA	NA	NA	Unknown	NA	SOMATIC	NA	NA	NA	NA	NA	NA	317	68	146	0	ENST00000324856.7:c.3057G>C	p.Glu1019Asp	p.E1019D	ENST00000324856	NM_006015.4	1019	gaG/gaC	11/20	NA	NA	NA	NA	NA	NA	NA	NA	NA	PASS	benign	0.009	tolerated	0.19	NA	146	385	SUCCESS	False	Sample8	Sample8
GRIN2A	2903	MSK	GRCh37	16	9857609	9857609	+	missense_variant	Missense_Mutation	SNP	C	C	G		NA				NA	NA	NA	NA	Unknown	NA	SOMATIC	NA	NA	NA	NA	NA	NA	319	53	148	0	ENST00000330684.3:c.3792G>C	p.Glu1264Asp	p.E1264D	ENST00000330684	NM_001134407.1	1264	gaG/gaC	13/13	NA	NA	NA	NA	NA	NA	NA	NA	NA	PASS	probably_damaging	0.987	tolerated	0.63	NA	148	372	SUCCESS	False	Sample8	Sample8
MPL	4352	MSK	GRCh37	1	43818263	43818263	+	missense_variant	Missense_Mutation	SNP	G	G	C		NA				NA	NA	NA	NA	Unknown	NA	SOMATIC	NA	NA	NA	NA	NA	NA	638	211	309	0	ENST00000372470.3:c.1728G>C	p.Glu576Asp	p.E576D	ENST00000372470	NM_005373.2	576	gaG/gaC	12/12	NA	NA	NA	NA	NA	NA	NA	NA	NA	PASS	benign	0.031	tolerated	0.23	NA	309	849	SUCCESS	False	Sample8	Sample8
RYBP	23429	MSK	GRCh37	3	72427550	72427550	+	missense_variant	Missense_Mutation	SNP	C	C	G		NA				NA	NA	NA	NA	Unknown	NA	SOMATIC	NA	NA	NA	NA	NA	NA	337	102	393	0	ENST00000477973.2:c.938G>C	p.Asp314His	p.D314H	ENST00000477973	NM_012234.5	314	Gat/Cat	4/4	NA	NA	NA	NA	NA	NA	NA	NA	NA	PASS	probably_damaging	0.997	deleterious_low_confidence	0.01	NA	393	439	SUCCESS	False	Sample1	Sample1
ATRX	546	MSK	GRCh37	X	76938964	76938964	+	missense_variant	Missense_Mutation	SNP	A	A	T		NA				NA	NA	NA	NA	Unknown	NA	UNKNOWN	NA	NA	NA	NA	NA	NA	1137	359	757	0	ENST00000373344.5:c.1784T>A	p.Leu595His	p.L595H	ENST00000373344	NM_000489.3	595	cTt/cAt	9/35	NA	NA	NA	NA	NA	NA	NA	NA	NA	PASS	probably_damaging	0.997	deleterious_low_confidence	0	NA	757	1496	SUCCESS	False	Sample2	Sample2
ERBB3	2065	MSK	GRCh37	12	56495656	56495656	+	missense_variant	Missense_Mutation	SNP	C	C	G		NA				NA	NA	NA	NA	Unknown	NA	SOMATIC	NA	NA	NA	NA	NA	NA	303	110	131	0	ENST00000267101.3:c.3846C>G	p.Cys1282Trp	p.C1282W	ENST00000267101	NM_001982.3	1282	tgC/tgG	28/28	NA	NA	NA	NA	NA	NA	NA	NA	NA	PASS	possibly_damaging	0.889	tolerated	0.09	NA	131	413	SUCCESS	False	Sample8	Sample8
KMT2C	58508	MSK	GRCh37	7	151878790	151878790	+	missense_variant	Missense_Mutation	SNP	G	G	A	rs760572968	NA				NA	NA	NA	NA	Unknown	NA	SOMATIC	NA	NA	NA	NA	NA	NA	78	17	105	0	ENST00000262189.6:c.6155C>T	p.Ser2052Phe	p.S2052F	ENST00000262189	NM_170606.2	2052	tCc/tTc	36/59	NA	NA	NA	NA	NA	NA	NA	NA	NA	PASS	benign	0.44	deleterious	0.05	NA	105	95	SUCCESS	False	Sample7	Sample7
NOTCH3	4854	MSK	GRCh37	19	15297921	15297921	+	missense_variant	Missense_Mutation	SNP	G	G	A	rs1206256945	NA				NA	NA	NA	NA	Unknown	NA	SOMATIC	NA	NA	NA	NA	NA	NA	206	52	122	0	ENST00000263388.2:c.1835C>T	p.Thr612Ile	p.T612I	ENST00000263388	NM_000435.2	612	aCc/aTc	11/33	NA	NA	NA	NA	NA	NA	NA	NA	NA	PASS	possibly_damaging	0.893	deleterious	0.03	NA	122	258	SUCCESS	False	Sample8	Sample8
IRS2	8660	MSK	GRCh37	13	110435083	110435083	+	missense_variant	Missense_Mutation	SNP	C	C	G		NA				NA	NA	NA	NA	Unknown	NA	SOMATIC	NA	NA	NA	NA	NA	NA	73	246	195	0	ENST00000375856.3:c.3318G>C	p.Lys1106Asn	p.K1106N	ENST00000375856	NM_003749.2	1106	aaG/aaC	1/2	NA	NA	NA	NA	NA	NA	NA	NA	NA	PASS	benign	0.274	tolerated	0.24	NA	195	319	SUCCESS	False	Sample4	Sample4
ERBB2	2064	MSK	GRCh37	17	37883173	37883173	+	missense_variant	Missense_Mutation	SNP	C	C	T		NA				NA	NA	NA	NA	Unknown	NA	SOMATIC	NA	NA	NA	NA	NA	NA	1687	101	427	0	ENST00000269571.5:c.3076C>T	p.Pro1026Ser	p.P1026S	ENST00000269571		1026	Ccc/Tcc	25/27	NA	NA	NA	NA	NA	NA	NA	NA	NA	PASS	probably_damaging	0.993	deleterious	0	NA	427	1788	SUCCESS	False	Sample5	Sample5
NTRK3	4916	MSK	GRCh37	15	88420268	88420268	+	missense_variant	Missense_Mutation	SNP	G	G	C		NA				NA	NA	NA	NA	Unknown	NA	SOMATIC	NA	NA	NA	NA	NA	NA	403	80	188	0	ENST00000360948.2:c.2418C>G	p.Cys806Trp	p.C806W	ENST00000360948	NM_001012338.2	806	tgC/tgG	19/19	NA	NA	NA	NA	NA	NA	NA	NA	NA	PASS	probably_damaging	1	deleterious	0	NA	188	483	SUCCESS	False	Sample8	Sample8
CDKN2C	1031	MSK	GRCh37	1	51436062	51436062	+	missense_variant	Missense_Mutation	SNP	G	G	C		NA				NA	NA	NA	NA	Unknown	NA	SOMATIC	NA	NA	NA	NA	NA	NA	477	105	186	0	ENST00000262662.1:c.22G>C	p.Glu8Gln	p.E8Q	ENST00000262662		8	Gag/Cag	3/4	NA	NA	NA	NA	NA	NA	NA	NA	NA	PASS	benign	0.046	tolerated	0.14	NA	186	582	SUCCESS	False	Sample8	Sample8
CREBBP	1387	MSK	GRCh37	16	3789661	3789661	+	missense_variant	Missense_Mutation	SNP	C	C	T		NA				NA	NA	NA	NA	Unknown	NA	UNKNOWN	NA	NA	NA	NA	NA	NA	612	210	492	0	ENST00000262367.5:c.4198G>A	p.Glu1400Lys	p.E1400K	ENST00000262367	NM_004380.2	1400	Gag/Aag	25/31	NA	NA	NA	NA	NA	NA	NA	NA	NA	PASS	probably_damaging	0.996	deleterious	0	NA	492	822	SUCCESS	False	Sample2	Sample2
FAT1	2195	MSK	GRCh37	4	187541934	187541934	+	missense_variant	Missense_Mutation	SNP	G	G	C	rs780270871	NA				NA	NA	NA	NA	Unknown	NA	SOMATIC	NA	NA	NA	NA	NA	NA	562	112	223	0	ENST00000441802.2:c.5806C>G	p.Leu1936Val	p.L1936V	ENST00000441802	NM_005245.3	1936	Ctc/Gtc	10/27	NA	NA	NA	NA	NA	NA	NA	NA	NA	PASS	benign	0.003	tolerated	0.23	NA	223	674	SUCCESS	False	Sample8	Sample8
SMARCA4	6597	MSK	GRCh37	19	11123705	11123705	+	missense_variant	Missense_Mutation	SNP	G	G	C		NA				NA	NA	NA	NA	Unknown	NA	SOMATIC	NA	NA	NA	NA	NA	NA	353	109	181	0	ENST00000344626.4:c.2355G>C	p.Lys785Asn	p.K785N	ENST00000344626	NM_003072.3	785	aaG/aaC	16/35	NA	NA	NA	NA	NA	NA	NA	NA	NA	PASS	probably_damaging	1	deleterious	0	NA	181	462	SUCCESS	False	Sample8	Sample8
TERT	7015	MSK	GRCh37	5	1295228	1295228	+	upstream_gene_variant	5'Flank	SNP	G	G	A	rs1242535815	NA				NA	NA	NA	NA	Unknown	NA	SOMATIC	NA	NA	NA	NA	NA	NA	46	72	53	0				ENST00000310581	NM_198253.2	NA			NA	NA	NA	NA	NA	NA	NA	NA	NA	PASS		NA		NA	NA	53	118	SUCCESS	False	Sample7	Sample7
DNMT1	1786	MSK	GRCh37	19	10254627	10254627	+	missense_variant	Missense_Mutation	SNP	C	C	G		NA				NA	NA	NA	NA	Unknown	NA	SOMATIC	NA	NA	NA	NA	NA	NA	364	80	137	0	ENST00000340748.4:c.2883G>C	p.Lys961Asn	p.K961N	ENST00000340748		961	aaG/aaC	28/40	NA	NA	NA	NA	NA	NA	NA	NA	NA	PASS	possibly_damaging	0.821	deleterious	0.01	NA	137	444	SUCCESS	False	Sample8	Sample8
TP53	7157	MSK	GRCh37	17	7578390	7578390	+	missense_variant	Missense_Mutation	SNP	C	C	G		NA				NA	NA	NA	NA	Unknown	NA	SOMATIC	NA	NA	NA	NA	NA	NA	267	64	129	0	ENST00000269305.4:c.540G>C	p.Glu180Asp	p.E180D	ENST00000269305	NM_001126112.2	180	gaG/gaC	5/11	NA	NA	NA	NA	NA	NA	NA	NA	NA	PASS	probably_damaging	0.973	deleterious	0.01	NA	129	331	SUCCESS	False	Sample8	Sample8
APC	324	MSK	GRCh37	5	112178909	112178909	+	missense_variant	Missense_Mutation	SNP	C	C	T		NA				NA	NA	NA	NA	Unknown	NA	SOMATIC	NA	NA	NA	NA	NA	NA	520	31	264	0	ENST00000257430.4:c.7618C>T	p.Pro2540Ser	p.P2540S	ENST00000257430	NM_000038.5	2540	Cca/Tca	16/16	NA	NA	NA	NA	NA	NA	NA	NA	NA	PASS	possibly_damaging	0.659	deleterious	0.01	NA	264	551	SUCCESS	False	Sample5	Sample5
MPL	4352	MSK	GRCh37	1	43814592	43814592	+	missense_variant	Missense_Mutation	SNP	G	G	C		NA				NA	NA	NA	NA	Unknown	NA	SOMATIC	NA	NA	NA	NA	NA	NA	688	163	265	0	ENST00000372470.3:c.1387G>C	p.Ala463Pro	p.A463P	ENST00000372470	NM_005373.2	463	Gcc/Ccc	9/12	NA	NA	NA	NA	NA	NA	NA	NA	NA	PASS	probably_damaging	0.985	deleterious	0	NA	265	851	SUCCESS	False	Sample8	Sample8
KEAP1	9817	MSK	GRCh37	19	10602432	10602432	+	missense_variant	Missense_Mutation	SNP	G	G	C		NA				NA	NA	NA	NA	Unknown	NA	SOMATIC	NA	NA	NA	NA	NA	NA	500	138	269	0	ENST00000171111.5:c.1146C>G	p.Asn382Lys	p.N382K	ENST00000171111	NM_203500.1	382	aaC/aaG	3/6	NA	NA	NA	NA	NA	NA	NA	NA	NA	PASS	probably_damaging	0.994	deleterious	0	NA	269	638	SUCCESS	False	Sample8	Sample8
TP53	7157	MSK	GRCh37	17	7577113	7577113	+	stop_gained	Nonsense_Mutation	SNP	A	A	T		NA				NA	NA	NA	NA	Unknown	NA	SOMATIC	NA	NA	NA	NA	NA	NA	827	191	396	0	ENST00000269305.4:c.825T>A	p.Cys275Ter	p.C275*	ENST00000269305	NM_001126112.2	275	tgT/tgA	8/11	NA	NA	NA	NA	NA	NA	NA	NA	NA	PASS		NA		NA	NA	396	1018	SUCCESS	False	Sample6	Sample6
RPS6KA4	8986	MSK	GRCh37	11	64127734	64127734	+	missense_variant	Missense_Mutation	SNP	C	C	G		NA				NA	NA	NA	NA	Unknown	NA	SOMATIC	NA	NA	NA	NA	NA	NA	260	79	97	0	ENST00000334205.4:c.227C>G	p.Ala76Gly	p.A76G	ENST00000334205	NM_003942.2	76	gCc/gGc	3/17	NA	NA	NA	NA	NA	NA	NA	NA	NA	PASS	possibly_damaging	0.61	tolerated	0.21	NA	97	339	SUCCESS	False	Sample8	Sample8
PHOX2B	8929	MSK	GRCh37	4	41748112	41748112	+	missense_variant	Missense_Mutation	SNP	G	G	C		NA				NA	NA	NA	NA	Unknown	NA	SOMATIC	NA	NA	NA	NA	NA	NA	157	33	87	0	ENST00000226382.2:c.657C>G	p.Ser219Arg	p.S219R	ENST00000226382	NM_003924.3	219	agC/agG	3/3	NA	NA	NA	NA	NA	NA	NA	NA	NA	PASS	benign	0	tolerated_low_confidence	0.28	NA	87	190	SUCCESS	False	Sample8	Sample8
RB1	5925	MSK	GRCh37	13	49047507	49047507	+	stop_gained	Nonsense_Mutation	SNP	C	C	G		NA				NA	NA	NA	NA	Unknown	NA	SOMATIC	NA	NA	NA	NA	NA	NA	809	125	404	0	ENST00000267163.4:c.2501C>G	p.Ser834Ter	p.S834*	ENST00000267163	NM_000321.2	834	tCa/tGa	24/27	NA	NA	NA	NA	NA	NA	NA	NA	NA	PASS		NA		NA	NA	404	934	SUCCESS	False	Sample6	Sample6
ATR	545	MSK	GRCh37	3	142188981	142188981	+	missense_variant	Missense_Mutation	SNP	C	C	G		NA				NA	NA	NA	NA	Unknown	NA	SOMATIC	NA	NA	NA	NA	NA	NA	732	182	196	0	ENST00000350721.4:c.6266G>C	p.Arg2089Pro	p.R2089P	ENST00000350721	NM_001184.3	2089	cGa/cCa	37/47	NA	NA	NA	NA	NA	NA	NA	NA	NA	PASS	probably_damaging	0.989	deleterious	0	NA	196	914	SUCCESS	False	Sample8	Sample8
MTOR	2475	MSK	GRCh37	1	11199714	11199714	+	missense_variant,splice_region_variant	Missense_Mutation	SNP	C	C	G		NA				NA	NA	NA	NA	Unknown	NA	SOMATIC	NA	NA	NA	NA	NA	NA	399	89	155	0	ENST00000361445.4:c.4874G>C	p.Gly1625Ala	p.G1625A	ENST00000361445	NM_004958.3	1625	gGc/gCc	35/58	NA	NA	NA	NA	NA	NA	NA	NA	NA	PASS	probably_damaging	0.995	deleterious	0.03	NA	155	488	SUCCESS	False	Sample8	Sample8
RFWD2	0	MSK	GRCh37	1	176145047	176145047	+	missense_variant,splice_region_variant	Missense_Mutation	SNP	C	C	G		NA				NA	NA	NA	NA	Unknown	NA	SOMATIC	NA	NA	NA	NA	NA	NA	690	94	204	0	ENST00000367669.3:c.564G>C	p.Leu188Phe	p.L188F	ENST00000367669	NM_022457.5	188	ttG/ttC	3/20	NA	NA	NA	NA	NA	NA	NA	NA	NA	PASS	probably_damaging	0.979	deleterious	0	NA	204	784	SUCCESS	False	Sample8	Sample8
FAT1	2195	MSK	GRCh37	4	187518921	187518921	+	missense_variant	Missense_Mutation	SNP	C	C	G		NA				NA	NA	NA	NA	Unknown	NA	SOMATIC	NA	NA	NA	NA	NA	NA	252	317	392	0	ENST00000441802.2:c.12283G>C	p.Asp4095His	p.D4095H	ENST00000441802	NM_005245.3	4095	Gat/Cat	24/27	NA	NA	NA	NA	NA	NA	NA	NA	NA	PASS	probably_damaging	0.997	tolerated	0.05	NA	392	569	SUCCESS	False	Sample4	Sample4
AR	367	MSK	GRCh37	X	66766350	66766351	+	inframe_insertion	In_Frame_Ins	INS	-	-	GGT	rs758361525	NA				NA	NA	NA	NA	Unknown	NA	SOMATIC	NA	NA	NA	NA	NA	NA	64	27	29	0	ENST00000374690.3:c.1368_1370dup	p.Gly473dup	p.G473dup	ENST00000374690	NM_000044.3	473	-/GGT	1/8	NA	NA	NA	NA	NA	NA	NA	NA	NA	PASS		NA		NA	NA	29	91	SUCCESS	False	Sample8	Sample8
ERBB3	2065	MSK	GRCh37	12	56478854	56478854	+	missense_variant	Missense_Mutation	SNP	G	G	T	rs1057519893	NA				NA	NA	NA	NA	Unknown	NA	SOMATIC	NA	NA	NA	NA	NA	NA	674	415	377	1	ENST00000267101.3:c.310G>T	p.Val104Leu	p.V104L	ENST00000267101	NM_001982.3	104	Gtg/Ttg	3/28	NA	NA	NA	NA	NA	NA	NA	NA	NA	PASS	benign	0.119	deleterious	0.03	NA	378	1089	SUCCESS	False	Sample9	Sample9
EPHA3	2042	MSK	GRCh37	3	89259131	89259131	+	missense_variant	Missense_Mutation	SNP	C	C	G		NA				NA	NA	NA	NA	Unknown	NA	SOMATIC	NA	NA	NA	NA	NA	NA	392	84	110	0	ENST00000336596.2:c.275C>G	p.Ala92Gly	p.A92G	ENST00000336596	NM_005233.5	92	gCt/gGt	3/17	NA	NA	NA	NA	NA	NA	NA	NA	NA	PASS	probably_damaging	0.992	tolerated	0.14	NA	110	476	SUCCESS	False	Sample8	Sample8
RB1	5925	MSK	GRCh37	13	48955550	48955550	+	stop_gained	Nonsense_Mutation	SNP	C	C	T	rs121913304	NA				NA	NA	NA	NA	Unknown	NA	SOMATIC	NA	NA	NA	NA	NA	NA	160	87	220	0	ENST00000267163.4:c.1666C>T	p.Arg556Ter	p.R556*	ENST00000267163	NM_000321.2	556	Cga/Tga	17/27	NA	NA	NA	NA	NA	NA	NA	NA	NA	PASS		NA		NA	NA	220	247	SUCCESS	False	Sample9	Sample9
RFWD2	0	MSK	GRCh37	1	176104222	176104222	+	missense_variant,splice_region_variant	Missense_Mutation	SNP	C	C	T		NA				NA	NA	NA	NA	Unknown	NA	SOMATIC	NA	NA	NA	NA	NA	NA	419	35	91	0	ENST00000367669.3:c.892G>A	p.Glu298Lys	p.E298K	ENST00000367669	NM_022457.5	298	Gaa/Aaa	8/20	NA	NA	NA	NA	NA	NA	NA	NA	NA	PASS	possibly_damaging	0.899	tolerated	0.55	NA	91	454	SUCCESS	False	Sample8	Sample8
AKT1	207	MSK	GRCh37	14	105241296	105241296	+	missense_variant	Missense_Mutation	SNP	G	G	T		NA				NA	NA	NA	NA	Unknown	NA	SOMATIC	NA	NA	NA	NA	NA	NA	647	88	178	0	ENST00000349310.3:c.612C>A	p.Asn204Lys	p.N204K	ENST00000349310	NM_001014432.1	204	aaC/aaA	8/15	NA	NA	NA	NA	NA	NA	NA	NA	NA	PASS	benign	0.051	tolerated	0.41	NA	178	735	SUCCESS	False	Sample8	Sample8
RPS6KA4	8986	MSK	GRCh37	11	64129358	64129358	+	missense_variant	Missense_Mutation	SNP	C	C	T	rs1348353894	NA				NA	NA	NA	NA	Unknown	NA	UNKNOWN	NA	NA	NA	NA	NA	NA	743	188	499	0	ENST00000334205.4:c.790C>T	p.Arg264Trp	p.R264W	ENST00000334205	NM_003942.2	264	Cgg/Tgg	8/17	1.20407e-05	0	0	0	0	0	2.67127e-05	0	0	PASS	benign	0.23	tolerated	0.16	NA	499	931	SUCCESS	False	Sample2	Sample2
TERT	7015	MSK	GRCh37	5	1295228	1295228	+	upstream_gene_variant	5'Flank	SNP	G	G	A	rs1242535815	NA				NA	NA	NA	NA	Unknown	NA	SOMATIC	NA	NA	NA	NA	NA	NA	704	53	117	0				ENST00000310581	NM_198253.2	NA			NA	NA	NA	NA	NA	NA	NA	NA	NA	PASS		NA		NA	NA	117	757	SUCCESS	False	Sample5	Sample5
ASXL1	171023	MSK	GRCh37	20	31022985	31022985	+	missense_variant	Missense_Mutation	SNP	G	G	C	rs532964069	NA				NA	NA	NA	NA	Unknown	NA	SOMATIC	NA	NA	NA	NA	NA	NA	503	597	193	0	ENST00000375687.4:c.2470G>C	p.Glu824Gln	p.E824Q	ENST00000375687	NM_015338.5	824	Gag/Cag	13/13	8.01301e-06	0.000123854	0	0	0	0	0	0	0	PASS	benign	0.005	tolerated_low_confidence	0.42	NA	193	1100	SUCCESS	False	Sample8	Sample8
NOTCH2	4853	MSK	GRCh37	1	120459046	120459046	+	missense_variant	Missense_Mutation	SNP	C	C	G		NA				NA	NA	NA	NA	Unknown	NA	SOMATIC	NA	NA	NA	NA	NA	NA	413	85	192	0	ENST00000256646.2:c.6299G>C	p.Gly2100Ala	p.G2100A	ENST00000256646	NM_024408.3	2100	gGc/gCc	34/34	NA	NA	NA	NA	NA	NA	NA	NA	NA	PASS	benign	0.003	deleterious	0.02	NA	192	498	SUCCESS	False	Sample8	Sample8
RAD50	10111	MSK	GRCh37	5	131911491	131911491	+	5_prime_UTR_variant	5'UTR	SNP	G	G	C		NA				NA	NA	NA	NA	Unknown	NA	SOMATIC	NA	NA	NA	NA	NA	NA	412	104	163	0	ENST00000378823.3:c.-182G>C		p.*61*	ENST00000378823	NM_005732.3	NA		3/25	NA	NA	NA	NA	NA	NA	NA	NA	NA	PASS		NA		NA	NA	163	516	SUCCESS	False	Sample8	Sample8
KEAP1	9817	MSK	GRCh37	19	10599950	10599952	+	missense_variant	Missense_Mutation	TNP	CTC	CTC	GTT		NA				NA	NA	NA	NA	Unknown	NA	SOMATIC	NA	NA	NA	NA	NA	NA	674	173	290	0	ENST00000171111.5:c.1624_1626delinsAAC	p.Glu542Asn	p.E542N	ENST00000171111	NM_203500.1	542	GAG/AAC	5/6	NA	NA	NA	NA	NA	NA	NA	NA	NA	PASS	benign	0	tolerated	0.88	NA	290	847	SUCCESS	False	Sample8	Sample8
MTOR	2475	MSK	GRCh37	1	11294278	11294278	+	missense_variant	Missense_Mutation	SNP	C	C	G		NA				NA	NA	NA	NA	Unknown	NA	SOMATIC	NA	NA	NA	NA	NA	NA	417	89	206	0	ENST00000361445.4:c.2253G>C	p.Glu751Asp	p.E751D	ENST00000361445	NM_004958.3	751	gaG/gaC	14/58	NA	NA	NA	NA	NA	NA	NA	NA	NA	PASS	possibly_damaging	0.76	deleterious	0.01	NA	206	506	SUCCESS	False	Sample8	Sample8
CDKN1A	1026	MSK	GRCh37	6	36652129	36652137	+	frameshift_variant	Frame_Shift_Del	DEL	GAGGCCGGG	GAGGCCGGG	A		NA				NA	NA	NA	NA	Unknown	NA	SOMATIC	NA	NA	NA	NA	NA	NA	627	204	300	0	ENST00000244741.5:c.251_259delinsA	p.Arg84GlnfsTer2	p.R84Qfs*2	ENST00000244741	NM_000389.4	84	cGAGGCCGGGat/cAat	2/3	NA	NA	NA	NA	NA	NA	NA	NA	NA	PASS		NA		NA	NA	300	831	SUCCESS	False	Sample9	Sample9
IL7R	3575	MSK	GRCh37	5	35860998	35861006	+	inframe_deletion	In_Frame_Del	DEL	TATAGCCAG	TATAGCCAG	-		NA				NA	NA	NA	NA	Unknown	NA	SOMATIC	NA	NA	NA	NA	NA	NA	2481	322	216	0	ENST00000303115.3:c.128_136del	p.Tyr43_Gln45del	p.Y43_Q45del	ENST00000303115	NM_002185.3	43	TATAGCCAG/-	2/8	NA	NA	NA	NA	NA	NA	NA	NA	NA	PASS		NA		NA	NA	216	2803	SUCCESS	False	Sample4	Sample4
FAT1	2195	MSK	GRCh37	4	187540074	187540074	+	stop_gained	Nonsense_Mutation	SNP	G	G	A	rs921535768	NA				NA	NA	NA	NA	Unknown	NA	SOMATIC	NA	NA	NA	NA	NA	NA	659	78	788	0	ENST00000441802.2:c.7666C>T	p.Arg2556Ter	p.R2556*	ENST00000441802	NM_005245.3	2556	Cga/Tga	10/27	NA	NA	NA	NA	NA	NA	NA	NA	NA	PASS		NA		NA	NA	788	737	SUCCESS	False	Sample1	Sample1
DICER1	23405	MSK	GRCh37	14	95560257	95560257	+	missense_variant	Missense_Mutation	SNP	C	C	G		NA				NA	NA	NA	NA	Unknown	NA	SOMATIC	NA	NA	NA	NA	NA	NA	297	46	107	0	ENST00000343455.3:c.5332G>C	p.Glu1778Gln	p.E1778Q	ENST00000343455	NM_177438.2	1778	Gag/Cag	24/27	NA	NA	NA	NA	NA	NA	NA	NA	NA	PASS	probably_damaging	0.991	deleterious	0.04	NA	107	343	SUCCESS	False	Sample8	Sample8
FANCA	2175	MSK	GRCh37	16	89825040	89825040	+	missense_variant	Missense_Mutation	SNP	C	C	G		NA				NA	NA	NA	NA	Unknown	NA	SOMATIC	NA	NA	NA	NA	NA	NA	440	221	316	0	ENST00000389301.3:c.2926G>C	p.Asp976His	p.D976H	ENST00000389301	NM_000135.2	976	Gac/Cac	30/43	NA	NA	NA	NA	NA	NA	NA	NA	NA	PASS	probably_damaging	0.945	deleterious	0	NA	316	661	SUCCESS	False	Sample4	Sample4
RHOA	387	MSK	GRCh37	3	49412983	49412983	+	missense_variant	Missense_Mutation	SNP	C	C	T		NA				NA	NA	NA	NA	Unknown	NA	UNKNOWN	NA	NA	NA	NA	NA	NA	689	188	373	0	ENST00000418115.1:c.40G>A	p.Gly14Arg	p.G14R	ENST00000418115	NM_001664.2	14	Gga/Aga	2/5	NA	NA	NA	NA	NA	NA	NA	NA	NA	PASS	probably_damaging	0.994	deleterious	0	NA	373	877	SUCCESS	False	Sample2	Sample2
NCOR1	9611	MSK	GRCh37	17	15974887	15974887	+	missense_variant	Missense_Mutation	SNP	C	C	G		NA				NA	NA	NA	NA	Unknown	NA	SOMATIC	NA	NA	NA	NA	NA	NA	854	182	344	0	ENST00000268712.3:c.3988G>C	p.Gly1330Arg	p.G1330R	ENST00000268712	NM_006311.3	1330	Ggt/Cgt	30/46	NA	NA	NA	NA	NA	NA	NA	NA	NA	PASS	probably_damaging	0.999	deleterious	0	NA	344	1036	SUCCESS	False	Sample8	Sample8
TET1	80312	MSK	GRCh37	10	70404615	70404615	+	missense_variant	Missense_Mutation	SNP	G	G	T		NA				NA	NA	NA	NA	Unknown	NA	SOMATIC	NA	NA	NA	NA	NA	NA	498	83	200	0	ENST00000373644.4:c.2129G>T	p.Trp710Leu	p.W710L	ENST00000373644	NM_030625.2	710	tGg/tTg	4/12	NA	NA	NA	NA	NA	NA	NA	NA	NA	PASS	probably_damaging	0.986	deleterious	0	NA	200	581	SUCCESS	False	Sample8	Sample8
BRCA2	675	MSK	GRCh37	13	32900287	32900287	+	missense_variant,splice_region_variant	Missense_Mutation	SNP	G	G	T		NA				NA	NA	NA	NA	Unknown	NA	UNKNOWN	NA	NA	NA	NA	NA	NA	630	173	291	0	ENST00000380152.3:c.475G>T	p.Val159Leu	p.V159L	ENST00000380152		159	Gtg/Ttg	5/27	NA	NA	NA	NA	NA	NA	NA	NA	NA	PASS	possibly_damaging	0.453	deleterious	0.01	NA	291	803	SUCCESS	False	Sample2	Sample2
ERBB3	2065	MSK	GRCh37	12	56495048	56495048	+	missense_variant	Missense_Mutation	SNP	G	G	C		NA				NA	NA	NA	NA	Unknown	NA	SOMATIC	NA	NA	NA	NA	NA	NA	571	107	234	0	ENST00000267101.3:c.3405G>C	p.Gln1135His	p.Q1135H	ENST00000267101	NM_001982.3	1135	caG/caC	27/28	NA	NA	NA	NA	NA	NA	NA	NA	NA	PASS	probably_damaging	0.993	deleterious	0.02	NA	234	678	SUCCESS	False	Sample8	Sample8
JAK3	3718	MSK	GRCh37	19	17945387	17945387	+	missense_variant	Missense_Mutation	SNP	G	G	C		NA				NA	NA	NA	NA	Unknown	NA	SOMATIC	NA	NA	NA	NA	NA	NA	417	79	197	0	ENST00000458235.1:c.2343C>G	p.Ile781Met	p.I781M	ENST00000458235	NM_000215.3	781	atC/atG	17/24	NA	NA	NA	NA	NA	NA	NA	NA	NA	PASS	possibly_damaging	0.789	tolerated	0.1	NA	197	496	SUCCESS	False	Sample8	Sample8
ATRX	546	MSK	GRCh37	X	76874303	76874303	+	missense_variant	Missense_Mutation	SNP	G	G	C		NA				NA	NA	NA	NA	Unknown	NA	SOMATIC	NA	NA	NA	NA	NA	NA	387	273	169	0	ENST00000373344.5:c.5419C>G	p.Leu1807Val	p.L1807V	ENST00000373344	NM_000489.3	1807	Ctc/Gtc	21/35	NA	NA	NA	NA	NA	NA	NA	NA	NA	PASS	probably_damaging	0.999	deleterious	0	NA	169	660	SUCCESS	False	Sample8	Sample8
TP53	7157	MSK	GRCh37	17	7579315	7579316	+	frameshift_variant	Frame_Shift_Ins	INS	-	-	C	rs1267047192	NA				NA	NA	NA	NA	Unknown	NA	SOMATIC	NA	NA	NA	NA	NA	NA	266	236	191	0	ENST00000269305.4:c.371dup	p.Cys124TrpfsTer25	p.C124Wfs*25	ENST00000269305	NM_001126112.2	124	tgc/tgGc	4/11	NA	NA	NA	NA	NA	NA	NA	NA	NA	PASS		NA		NA	NA	191	502	SUCCESS	False	Sample9	Sample9
RIT1	6016	MSK	GRCh37	1	155874172	155874172	+	missense_variant	Missense_Mutation	SNP	C	C	G	rs753425443	NA				NA	NA	NA	NA	Unknown	NA	SOMATIC	NA	NA	NA	NA	NA	NA	738	109	213	0	ENST00000368323.3:c.359G>C	p.Arg120Pro	p.R120P	ENST00000368323	NM_006912.5	120	cGa/cCa	5/6	NA	NA	NA	NA	NA	NA	NA	NA	NA	PASS	probably_damaging	0.97	deleterious	0	NA	213	847	SUCCESS	False	Sample8	Sample8
STAG2	10735	MSK	GRCh37	X	123185005	123185005	+	missense_variant	Missense_Mutation	SNP	T	T	A		NA				NA	NA	NA	NA	Unknown	NA	UNKNOWN	NA	NA	NA	NA	NA	NA	811	842	615	1	ENST00000371144.3:c.1052T>A	p.Leu351Gln	p.L351Q	ENST00000371144	NM_001042751.1	351	cTa/cAa	12/34	NA	NA	NA	NA	NA	NA	NA	NA	NA	PASS	probably_damaging	0.996	deleterious	0	NA	616	1653	SUCCESS	False	Sample2	Sample2
ARID1A	8289	MSK	GRCh37	1	27023307	27023307	+	stop_gained	Nonsense_Mutation	SNP	C	C	G		NA				NA	NA	NA	NA	Unknown	NA	SOMATIC	NA	NA	NA	NA	NA	NA	133	27	70	0	ENST00000324856.7:c.413C>G	p.Ser138Ter	p.S138*	ENST00000324856	NM_006015.4	138	tCa/tGa	1/20	NA	NA	NA	NA	NA	NA	NA	NA	NA	PASS		NA		NA	NA	70	160	SUCCESS	False	Sample1	Sample1
STAG2	10735	MSK	GRCh37	X	123197055	123197055	+	missense_variant,splice_region_variant	Missense_Mutation	SNP	G	G	C		NA				NA	NA	NA	NA	Unknown	NA	SOMATIC	NA	NA	NA	NA	NA	NA	468	286	163	0	ENST00000371144.3:c.1821G>C	p.Lys607Asn	p.K607N	ENST00000371144	NM_001042751.1	607	aaG/aaC	19/34	NA	NA	NA	NA	NA	NA	NA	NA	NA	PASS	probably_damaging	0.992	deleterious	0	NA	163	754	SUCCESS	False	Sample8	Sample8
SMARCD1	6602	MSK	GRCh37	12	50479288	50479288	+	missense_variant	Missense_Mutation	SNP	C	C	G		NA				NA	NA	NA	NA	Unknown	NA	UNKNOWN	NA	NA	NA	NA	NA	NA	397	120	364	0	ENST00000394963.4:c.136C>G	p.Gln46Glu	p.Q46E	ENST00000394963	NM_003076.4	46	Caa/Gaa	1/13	NA	NA	NA	NA	NA	NA	NA	NA	NA	PASS	benign	0.009	tolerated_low_confidence	1	NA	364	517	SUCCESS	False	Sample2	Sample2
BLM	641	MSK	GRCh37	15	91292809	91292809	+	missense_variant	Missense_Mutation	SNP	C	C	T	rs367543030	NA				NA	NA	NA	NA	Unknown	NA	SOMATIC	NA	NA	NA	NA	NA	NA	631	51	613	0	ENST00000355112.3:c.311C>T	p.Ser104Leu	p.S104L	ENST00000355112	NM_000057.2	104	tCa/tTa	3/22	NA	NA	NA	NA	NA	NA	NA	NA	NA	PASS	benign	0.388	deleterious_low_confidence	0	NA	613	682	SUCCESS	False	Sample1	Sample1
AXIN1	8312	MSK	GRCh37	16	396196	396196	+	missense_variant	Missense_Mutation	SNP	G	G	C		NA				NA	NA	NA	NA	Unknown	NA	SOMATIC	NA	NA	NA	NA	NA	NA	399	103	178	0	ENST00000262320.3:c.830C>G	p.Ala277Gly	p.A277G	ENST00000262320	NM_003502.3	277	gCc/gGc	2/11	NA	NA	NA	NA	NA	NA	NA	NA	NA	PASS	benign	0.05	tolerated	0.12	NA	178	502	SUCCESS	False	Sample8	Sample8
DDR2	4921	MSK	GRCh37	1	162743294	162743294	+	missense_variant	Missense_Mutation	SNP	C	C	G		NA				NA	NA	NA	NA	Unknown	NA	UNKNOWN	NA	NA	NA	NA	NA	NA	688	131	270	0	ENST00000367921.3:c.1764C>G	p.Phe588Leu	p.F588L	ENST00000367921	NM_006182.2	588	ttC/ttG	14/18	NA	NA	NA	NA	NA	NA	NA	NA	NA	PASS	benign	0.048	tolerated	0.86	NA	270	819	SUCCESS	False	Sample2	Sample2
ERCC4	2072	MSK	GRCh37	16	14029237	14029237	+	missense_variant	Missense_Mutation	SNP	G	G	C		NA				NA	NA	NA	NA	Unknown	NA	UNKNOWN	NA	NA	NA	NA	NA	NA	769	219	373	0	ENST00000311895.7:c.1448G>C	p.Arg483Thr	p.R483T	ENST00000311895	NM_005236.2	483	aGa/aCa	8/11	NA	NA	NA	NA	NA	NA	NA	NA	NA	PASS	benign	0.031	tolerated	0.48	NA	373	988	SUCCESS	False	Sample2	Sample2
BLM	641	MSK	GRCh37	15	91292904	91292904	+	missense_variant	Missense_Mutation	SNP	C	C	G		NA				NA	NA	NA	NA	Unknown	NA	SOMATIC	NA	NA	NA	NA	NA	NA	685	44	584	0	ENST00000355112.3:c.406C>G	p.Leu136Val	p.L136V	ENST00000355112	NM_000057.2	136	Ctc/Gtc	3/22	NA	NA	NA	NA	NA	NA	NA	NA	NA	PASS	benign	0.001	tolerated	0.33	NA	584	729	SUCCESS	False	Sample1	Sample1
EPHB1	2047	MSK	GRCh37	3	134670264	134670264	+	stop_gained	Nonsense_Mutation	SNP	C	C	T	rs750670511	NA				NA	NA	NA	NA	Unknown	NA	SOMATIC	NA	NA	NA	NA	NA	NA	540	220	267	0	ENST00000398015.3:c.175C>T	p.Gln59Ter	p.Q59*	ENST00000398015	NM_004441.4	59	Cag/Tag	3/16	NA	NA	NA	NA	NA	NA	NA	NA	NA	PASS		NA		NA	NA	267	760	SUCCESS	False	Sample4	Sample4
MTOR	2475	MSK	GRCh37	1	11303178	11303178	+	missense_variant	Missense_Mutation	SNP	C	C	G		NA				NA	NA	NA	NA	Unknown	NA	SOMATIC	NA	NA	NA	NA	NA	NA	540	69	215	0	ENST00000361445.4:c.1405G>C	p.Ala469Pro	p.A469P	ENST00000361445	NM_004958.3	469	Gcc/Ccc	9/58	NA	NA	NA	NA	NA	NA	NA	NA	NA	PASS	benign	0.001	tolerated	0.55	NA	215	609	SUCCESS	False	Sample6	Sample6
TMPRSS2	7113	MSK	GRCh37	21	42845307	42845307	+	missense_variant	Missense_Mutation	SNP	C	C	G		NA				NA	NA	NA	NA	Unknown	NA	SOMATIC	NA	NA	NA	NA	NA	NA	407	86	180	0	ENST00000332149.5:c.844G>C	p.Gly282Arg	p.G282R	ENST00000332149	NM_005656.3	282	Gga/Cga	9/14	NA	NA	NA	NA	NA	NA	NA	NA	NA	PASS	probably_damaging	0.944	deleterious	0.01	NA	180	493	SUCCESS	False	Sample8	Sample8
TP53	7157	MSK	GRCh37	17	7578406	7578406	+	missense_variant	Missense_Mutation	SNP	C	C	T	rs28934578	NA				NA	NA	NA	NA	Unknown	NA	SOMATIC	NA	NA	NA	NA	NA	NA	68	248	201	0	ENST00000269305.4:c.524G>A	p.Arg175His	p.R175H	ENST00000269305	NM_001126112.2	175	cGc/cAc	5/11	3.97969e-06	0	0	0	0	0	8.80282e-06	0	0	PASS	benign	0.319	tolerated	0.11	NA	201	316	SUCCESS	False	Sample4	Sample4
TERT	7015	MSK	GRCh37	5	1295228	1295228	+	upstream_gene_variant	5'Flank	SNP	G	G	A	rs1242535815	NA				NA	NA	NA	NA	Unknown	NA	SOMATIC	NA	NA	NA	NA	NA	NA	240	15	176	0				ENST00000310581	NM_198253.2	NA			NA	NA	NA	NA	NA	NA	NA	NA	NA	PASS		NA		NA	NA	176	255	SUCCESS	False	Sample10	Sample10
TERT	7015	MSK	GRCh37	5	1295228	1295228	+	upstream_gene_variant	5'Flank	SNP	G	G	A	rs1242535815	NA				NA	NA	NA	NA	Unknown	NA	SOMATIC	NA	NA	NA	NA	NA	NA	271	161	123	0				ENST00000310581	NM_198253.2	NA			NA	NA	NA	NA	NA	NA	NA	NA	NA	PASS		NA		NA	NA	123	432	SUCCESS	False	Sample3	Sample3
SPEN	23013	MSK	GRCh37	1	16259495	16259495	+	missense_variant	Missense_Mutation	SNP	C	C	G		NA				NA	NA	NA	NA	Unknown	NA	SOMATIC	NA	NA	NA	NA	NA	NA	220	50	96	0	ENST00000375759.3:c.6760C>G	p.Gln2254Glu	p.Q2254E	ENST00000375759	NM_015001.2	2254	Cag/Gag	11/15	NA	NA	NA	NA	NA	NA	NA	NA	NA	PASS	benign	0.017	tolerated_low_confidence	0.41	NA	96	270	SUCCESS	False	Sample8	Sample8
ARID1A	8289	MSK	GRCh37	1	27106785	27106785	+	frameshift_variant	Frame_Shift_Del	DEL	G	G	-		NA				NA	NA	NA	NA	Unknown	NA	SOMATIC	NA	NA	NA	NA	NA	NA	702	40	282	0	ENST00000324856.7:c.6397del	p.Asp2133ThrfsTer2	p.D2133Tfs*2	ENST00000324856	NM_006015.4	2132	gtG/gt	20/20	NA	NA	NA	NA	NA	NA	NA	NA	NA	PASS		NA		NA	NA	282	742	SUCCESS	False	Sample10	Sample10
EP300	2033	MSK	GRCh37	22	41531911	41531911	+	splice_donor_variant	Splice_Site	SNP	G	G	C		NA				NA	NA	NA	NA	Unknown	NA	SOMATIC	NA	NA	NA	NA	NA	NA	455	115	216	0	ENST00000263253.7:c.1622+1G>C		p.X541_splice	ENST00000263253	NM_001429.3	541			NA	NA	NA	NA	NA	NA	NA	NA	NA	PASS		NA		NA	NA	216	570	SUCCESS	False	Sample8	Sample8
BLM	641	MSK	GRCh37	15	91292745	91292745	+	stop_gained	Nonsense_Mutation	SNP	C	C	T		NA				NA	NA	NA	NA	Unknown	NA	SOMATIC	NA	NA	NA	NA	NA	NA	721	59	598	0	ENST00000355112.3:c.247C>T	p.Gln83Ter	p.Q83*	ENST00000355112	NM_000057.2	83	Cag/Tag	3/22	NA	NA	NA	NA	NA	NA	NA	NA	NA	PASS		NA		NA	NA	598	780	SUCCESS	False	Sample1	Sample1
KIT	3815	MSK	GRCh37	4	55594176	55594176	+	splice_acceptor_variant	Splice_Site	SNP	G	G	C		NA				NA	NA	NA	NA	Unknown	NA	SOMATIC	NA	NA	NA	NA	NA	NA	401	78	159	0	ENST00000288135.5:c.1880-1G>C		p.X627_splice	ENST00000288135	NM_000222.2	627			NA	NA	NA	NA	NA	NA	NA	NA	NA	PASS		NA		NA	NA	159	479	SUCCESS	False	Sample8	Sample8
TP53	7157	MSK	GRCh37	17	7579389	7579389	+	stop_gained	Nonsense_Mutation	SNP	G	G	A		NA				NA	NA	NA	NA	Unknown	NA	SOMATIC	NA	NA	NA	NA	NA	NA	358	66	154	1	ENST00000269305.4:c.298C>T	p.Gln100Ter	p.Q100*	ENST00000269305	NM_001126112.2	100	Cag/Tag	4/11	NA	NA	NA	NA	NA	NA	NA	NA	NA	PASS		NA		NA	NA	155	424	SUCCESS	False	Sample8	Sample8
ERBB3	2065	MSK	GRCh37	12	56481806	56481806	+	missense_variant,splice_region_variant	Missense_Mutation	SNP	C	C	T		NA				NA	NA	NA	NA	Unknown	NA	SOMATIC	NA	NA	NA	NA	NA	NA	732	57	330	0	ENST00000267101.3:c.734C>T	p.Ala245Val	p.A245V	ENST00000267101	NM_001982.3	245	gCc/gTc	7/28	NA	NA	NA	NA	NA	NA	NA	NA	NA	PASS	possibly_damaging	0.697	tolerated	0.17	NA	330	789	SUCCESS	False	Sample10	Sample10
CDKN1A	1026	MSK	GRCh37	6	36652061	36652061	+	frameshift_variant	Frame_Shift_Del	DEL	T	T	-		NA				NA	NA	NA	NA	Unknown	NA	SOMATIC	NA	NA	NA	NA	NA	NA	776	377	309	0	ENST00000244741.5:c.183del	p.Asp62ThrfsTer86	p.D62Tfs*86	ENST00000244741	NM_000389.4	61	ggT/gg	2/3	NA	NA	NA	NA	NA	NA	NA	NA	NA	PASS		NA		NA	NA	309	1153	SUCCESS	False	Sample9	Sample9
BAP1	8314	MSK	GRCh37	3	52442579	52442579	+	missense_variant	Missense_Mutation	SNP	G	G	A	rs1312611941	NA				NA	NA	NA	NA	Unknown	NA	SOMATIC	NA	NA	NA	NA	NA	NA	617	328	210	0	ENST00000460680.1:c.166C>T	p.Arg56Cys	p.R56C	ENST00000460680	NM_004656.3	56	Cgc/Tgc	4/17	NA	NA	NA	NA	NA	NA	NA	NA	NA	PASS	probably_damaging	0.976	deleterious	0	NA	210	945	SUCCESS	False	Sample3	Sample3
RAD50	10111	MSK	GRCh37	5	131940691	131940691	+	missense_variant,splice_region_variant	Missense_Mutation	SNP	G	G	C		NA				NA	NA	NA	NA	Unknown	NA	SOMATIC	NA	NA	NA	NA	NA	NA	383	80	137	0	ENST00000378823.3:c.2301G>C	p.Lys767Asn	p.K767N	ENST00000378823	NM_005732.3	767	aaG/aaC	16/25	NA	NA	NA	NA	NA	NA	NA	NA	NA	PASS	benign	0.023	deleterious	0.02	NA	137	463	SUCCESS	False	Sample8	Sample8
FGFR4	2264	MSK	GRCh37	5	176517519	176517519	+	missense_variant	Missense_Mutation	SNP	G	G	T		NA				NA	NA	NA	NA	Unknown	NA	SOMATIC	NA	NA	NA	NA	NA	NA	871	91	281	0	ENST00000292408.4:c.220G>T	p.Ala74Ser	p.A74S	ENST00000292408	NM_213647.1	74	Gca/Tca	3/18	NA	NA	NA	NA	NA	NA	NA	NA	NA	PASS	benign	0.015	tolerated	0.68	NA	281	962	SUCCESS	False	Sample3	Sample3
CIC	23152	MSK	GRCh37	19	42790996	42790996	+	missense_variant	Missense_Mutation	SNP	C	C	G		NA				NA	NA	NA	NA	Unknown	NA	SOMATIC	NA	NA	NA	NA	NA	NA	692	237	207	0	ENST00000575354.2:c.141C>G	p.Ser47Arg	p.S47R	ENST00000575354	NM_015125.3	47	agC/agG	2/20	NA	NA	NA	NA	NA	NA	NA	NA	NA	PASS	possibly_damaging	0.72	deleterious_low_confidence	0	NA	207	929	SUCCESS	False	Sample8	Sample8
JAK3	3718	MSK	GRCh37	19	17953175	17953175	+	missense_variant	Missense_Mutation	SNP	G	G	C		NA				NA	NA	NA	NA	Unknown	NA	SOMATIC	NA	NA	NA	NA	NA	NA	248	89	109	0	ENST00000458235.1:c.811C>G	p.Leu271Val	p.L271V	ENST00000458235	NM_000215.3	271	Ctc/Gtc	6/24	NA	NA	NA	NA	NA	NA	NA	NA	NA	PASS	benign	0.005	tolerated	0.66	NA	109	337	SUCCESS	False	Sample8	Sample8
NOTCH1	4851	MSK	GRCh37	9	139409078	139409078	+	missense_variant	Missense_Mutation	SNP	G	G	C		NA				NA	NA	NA	NA	Unknown	NA	SOMATIC	NA	NA	NA	NA	NA	NA	396	89	151	0	ENST00000277541.6:c.2091C>G	p.Ile697Met	p.I697M	ENST00000277541	NM_017617.3	697	atC/atG	13/34	NA	NA	NA	NA	NA	NA	NA	NA	NA	PASS	possibly_damaging	0.857	deleterious	0.05	NA	151	485	SUCCESS	False	Sample8	Sample8
STAG2	10735	MSK	GRCh37	X	123190067	123190067	+	missense_variant	Missense_Mutation	SNP	G	G	C		NA				NA	NA	NA	NA	Unknown	NA	SOMATIC	NA	NA	NA	NA	NA	NA	374	229	167	0	ENST00000371144.3:c.1286G>C	p.Gly429Ala	p.G429A	ENST00000371144	NM_001042751.1	429	gGa/gCa	14/34	NA	NA	NA	NA	NA	NA	NA	NA	NA	PASS	probably_damaging	0.913	tolerated	0.06	NA	167	603	SUCCESS	False	Sample8	Sample8
CASP8	841	MSK	GRCh37	2	202131261	202131261	+	missense_variant	Missense_Mutation	SNP	G	G	C		NA				NA	NA	NA	NA	Unknown	NA	SOMATIC	NA	NA	NA	NA	NA	NA	384	92	165	0	ENST00000432109.2:c.52G>C	p.Asp18His	p.D18H	ENST00000432109	NM_033355.3	18	Gat/Cat	3/10	NA	NA	NA	NA	NA	NA	NA	NA	NA	PASS	possibly_damaging	0.858	deleterious	0	NA	165	476	SUCCESS	False	Sample8	Sample8
PIK3CA	5290	MSK	GRCh37	3	178922298	178922298	+	missense_variant	Missense_Mutation	SNP	T	T	C		NA				NA	NA	NA	NA	Unknown	NA	UNKNOWN	NA	NA	NA	NA	NA	NA	711	182	293	0	ENST00000263967.3:c.1067T>C	p.Val356Ala	p.V356A	ENST00000263967	NM_006218.2	356	gTt/gCt	6/21	NA	NA	NA	NA	NA	NA	NA	NA	NA	PASS	probably_damaging	0.998	deleterious	0	NA	293	893	SUCCESS	False	Sample2	Sample2
RICTOR	253260	MSK	GRCh37	5	38959383	38959383	+	missense_variant	Missense_Mutation	SNP	G	G	C	rs1250474891	NA				NA	NA	NA	NA	Unknown	NA	SOMATIC	NA	NA	NA	NA	NA	NA	578	106	160	0	ENST00000357387.3:c.2092C>G	p.Leu698Val	p.L698V	ENST00000357387	NM_152756.3	698	Cta/Gta	22/38	0	0	0	0	0	0	0	0	0	PASS	benign	0.093	tolerated	0.33	NA	160	684	SUCCESS	False	Sample8	Sample8
TBX3	6926	MSK	GRCh37	12	115109672	115109672	+	missense_variant	Missense_Mutation	SNP	C	C	G		NA				NA	NA	NA	NA	Unknown	NA	SOMATIC	NA	NA	NA	NA	NA	NA	497	118	208	0	ENST00000257566.3:c.2206G>C	p.Asp736His	p.D736H	ENST00000257566	NM_016569.3	736	Gac/Cac	8/8	NA	NA	NA	NA	NA	NA	NA	NA	NA	PASS	possibly_damaging	0.466	deleterious_low_confidence	0	NA	208	615	SUCCESS	False	Sample8	Sample8
IKBKE	9641	MSK	GRCh37	1	206653821	206653821	+	missense_variant	Missense_Mutation	SNP	C	C	G		NA				NA	NA	NA	NA	Unknown	NA	SOMATIC	NA	NA	NA	NA	NA	NA	496	68	163	0	ENST00000367120.3:c.1372C>G	p.Leu458Val	p.L458V	ENST00000367120	NM_014002.3	458	Ctg/Gtg	13/22	NA	NA	NA	NA	NA	NA	NA	NA	NA	PASS	benign	0.021	tolerated	0.39	NA	163	564	SUCCESS	False	Sample8	Sample8
TERT	7015	MSK	GRCh37	5	1295228	1295228	+	upstream_gene_variant	5'Flank	SNP	G	G	A	rs1242535815	NA				NA	NA	NA	NA	Unknown	NA	SOMATIC	NA	NA	NA	NA	NA	NA	201	51	115	0				ENST00000310581	NM_198253.2	NA			NA	NA	NA	NA	NA	NA	NA	NA	NA	PASS		NA		NA	NA	115	252	SUCCESS	False	Sample6	Sample6
KMT2C	58508	MSK	GRCh37	7	151853111	151853111	+	missense_variant	Missense_Mutation	SNP	C	C	G		NA				NA	NA	NA	NA	Unknown	NA	SOMATIC	NA	NA	NA	NA	NA	NA	208	70	80	0	ENST00000262189.6:c.11844G>C	p.Gln3948His	p.Q3948H	ENST00000262189	NM_170606.2	3948	caG/caC	46/59	NA	NA	NA	NA	NA	NA	NA	NA	NA	PASS	benign	0.001	tolerated	0.46	NA	80	278	SUCCESS	False	Sample8	Sample8
AXIN2	8313	MSK	GRCh37	17	63526111	63526111	+	missense_variant	Missense_Mutation	SNP	C	C	G		NA				NA	NA	NA	NA	Unknown	NA	SOMATIC	NA	NA	NA	NA	NA	NA	629	179	254	0	ENST00000307078.5:c.2515G>C	p.Val839Leu	p.V839L	ENST00000307078	NM_004655.3	839	Gtg/Ctg	11/11	NA	NA	NA	NA	NA	NA	NA	NA	NA	PASS	probably_damaging	1	deleterious	0	NA	254	808	SUCCESS	False	Sample8	Sample8
BLM	641	MSK	GRCh37	15	91293024	91293024	+	missense_variant	Missense_Mutation	SNP	C	C	G		NA				NA	NA	NA	NA	Unknown	NA	SOMATIC	NA	NA	NA	NA	NA	NA	802	45	670	0	ENST00000355112.3:c.526C>G	p.His176Asp	p.H176D	ENST00000355112	NM_000057.2	176	Cac/Gac	3/22	NA	NA	NA	NA	NA	NA	NA	NA	NA	PASS	benign	0.107	tolerated	0.48	NA	670	847	SUCCESS	False	Sample1	Sample1
KMT2C	58508	MSK	GRCh37	7	151949063	151949063	+	stop_gained	Nonsense_Mutation	SNP	G	G	A		NA				NA	NA	NA	NA	Unknown	NA	SOMATIC	NA	NA	NA	NA	NA	NA	654	255	279	2	ENST00000262189.6:c.1582C>T	p.Gln528Ter	p.Q528*	ENST00000262189	NM_170606.2	528	Cag/Tag	11/59	NA	NA	NA	NA	NA	NA	NA	NA	NA	PASS		NA		NA	NA	281	909	SUCCESS	False	Sample4	Sample4
KMT2D	8085	MSK	GRCh37	12	49435117	49435117	+	missense_variant	Missense_Mutation	SNP	G	G	T		NA				NA	NA	NA	NA	Unknown	NA	SOMATIC	NA	NA	NA	NA	NA	NA	191	63	95	0	ENST00000301067.7:c.6436C>A	p.Pro2146Thr	p.P2146T	ENST00000301067	NM_003482.3	2146	Ccg/Acg	31/54	NA	NA	NA	NA	NA	NA	NA	NA	NA	PASS	benign	0.433	deleterious_low_confidence	0	NA	95	254	SUCCESS	False	Sample8	Sample8
DOT1L	84444	MSK	GRCh37	19	2211757	2211757	+	missense_variant	Missense_Mutation	SNP	C	C	G		NA				NA	NA	NA	NA	Unknown	NA	SOMATIC	NA	NA	NA	NA	NA	NA	753	220	330	0	ENST00000398665.3:c.1473C>G	p.Phe491Leu	p.F491L	ENST00000398665	NM_032482.2	491	ttC/ttG	16/28	NA	NA	NA	NA	NA	NA	NA	NA	NA	PASS	possibly_damaging	0.623	deleterious	0.03	NA	330	973	SUCCESS	False	Sample8	Sample8
IKBKE	9641	MSK	GRCh37	1	206649641	206649641	+	missense_variant	Missense_Mutation	SNP	G	G	C		NA				NA	NA	NA	NA	Unknown	NA	SOMATIC	NA	NA	NA	NA	NA	NA	217	116	76	0	ENST00000367120.3:c.476G>C	p.Gly159Ala	p.G159A	ENST00000367120	NM_014002.3	159	gGc/gCc	6/22	NA	NA	NA	NA	NA	NA	NA	NA	NA	PASS	probably_damaging	1	deleterious	0	NA	76	333	SUCCESS	False	Sample8	Sample8
TP53	7157	MSK	GRCh37	17	7576927	7576927	+	splice_acceptor_variant	Splice_Site	SNP	C	C	G	rs587781702	NA				NA	NA	NA	NA	Unknown	NA	SOMATIC	NA	NA	NA	NA	NA	NA	370	107	190	0	ENST00000269305.4:c.920-1G>C		p.X307_splice	ENST00000269305	NM_001126112.2	307			NA	NA	NA	NA	NA	NA	NA	NA	NA	PASS		NA		NA	NA	190	477	SUCCESS	False	Sample8	Sample8
EPHB1	2047	MSK	GRCh37	3	134920315	134920315	+	splice_acceptor_variant	Splice_Site	SNP	G	G	C		NA				NA	NA	NA	NA	Unknown	NA	SOMATIC	NA	NA	NA	NA	NA	NA	373	87	192	0	ENST00000398015.3:c.2131-1G>C		p.X711_splice	ENST00000398015	NM_004441.4	711			NA	NA	NA	NA	NA	NA	NA	NA	NA	PASS		NA		NA	NA	192	460	SUCCESS	False	Sample8	Sample8
KMT2A	4297	MSK	GRCh37	11	118370572	118370572	+	missense_variant	Missense_Mutation	SNP	A	A	C		NA				NA	NA	NA	NA	Unknown	NA	UNKNOWN	NA	NA	NA	NA	NA	NA	387	390	340	0	ENST00000389506.5:c.6093A>C	p.Leu2031Phe	p.L2031F	ENST00000389506		2031	ttA/ttC	24/36	NA	NA	NA	NA	NA	NA	NA	NA	NA	PASS	probably_damaging	0.999	deleterious	0.01	NA	340	777	SUCCESS	False	Sample2	Sample2
PTCH1	5727	MSK	GRCh37	9	98231293	98231293	+	missense_variant	Missense_Mutation	SNP	G	G	C		NA				NA	NA	NA	NA	Unknown	NA	SOMATIC	NA	NA	NA	NA	NA	NA	313	56	136	0	ENST00000331920.6:c.1990C>G	p.Leu664Val	p.L664V	ENST00000331920	NM_000264.3	664	Ctc/Gtc	14/24	NA	NA	NA	NA	NA	NA	NA	NA	NA	PASS	benign	0.165	tolerated	0.58	NA	136	369	SUCCESS	False	Sample8	Sample8
BLM	641	MSK	GRCh37	15	91292951	91292951	+	missense_variant	Missense_Mutation	SNP	C	C	G		NA				NA	NA	NA	NA	Unknown	NA	SOMATIC	NA	NA	NA	NA	NA	NA	709	42	618	0	ENST00000355112.3:c.453C>G	p.Ile151Met	p.I151M	ENST00000355112	NM_000057.2	151	atC/atG	3/22	NA	NA	NA	NA	NA	NA	NA	NA	NA	PASS	benign	0.003	tolerated	0.19	NA	618	751	SUCCESS	False	Sample1	Sample1
SPEN	23013	MSK	GRCh37	1	16258048	16258048	+	missense_variant	Missense_Mutation	SNP	G	G	C		NA				NA	NA	NA	NA	Unknown	NA	SOMATIC	NA	NA	NA	NA	NA	NA	278	81	119	0	ENST00000375759.3:c.5313G>C	p.Glu1771Asp	p.E1771D	ENST00000375759	NM_015001.2	1771	gaG/gaC	11/15	NA	NA	NA	NA	NA	NA	NA	NA	NA	PASS	possibly_damaging	0.834	tolerated	0.12	NA	119	359	SUCCESS	False	Sample8	Sample8
FOXL2	668	MSK	GRCh37	3	138664489	138664489	+	missense_variant	Missense_Mutation	SNP	G	G	C		NA				NA	NA	NA	NA	Unknown	NA	SOMATIC	NA	NA	NA	NA	NA	NA	126	32	52	0	ENST00000330315.3:c.1076C>G	p.Ser359Cys	p.S359C	ENST00000330315	NM_023067.3	359	tCt/tGt	1/1	NA	NA	NA	NA	NA	NA	NA	NA	NA	PASS	possibly_damaging	0.615	deleterious_low_confidence	0	NA	52	158	SUCCESS	False	Sample8	Sample8
NOTCH2	4853	MSK	GRCh37	1	120459060	120459060	+	missense_variant	Missense_Mutation	SNP	C	C	A		NA				NA	NA	NA	NA	Unknown	NA	UNKNOWN	NA	NA	NA	NA	NA	NA	772	117	321	0	ENST00000256646.2:c.6285G>T	p.Lys2095Asn	p.K2095N	ENST00000256646	NM_024408.3	2095	aaG/aaT	34/34	NA	NA	NA	NA	NA	NA	NA	NA	NA	PASS	possibly_damaging	0.829	deleterious	0	NA	321	889	SUCCESS	False	Sample2	Sample2
TBX3	6926	MSK	GRCh37	12	115112624	115112624	+	missense_variant	Missense_Mutation	SNP	C	C	G		NA				NA	NA	NA	NA	Unknown	NA	SOMATIC	NA	NA	NA	NA	NA	NA	306	74	150	0	ENST00000257566.3:c.1116G>C	p.Glu372Asp	p.E372D	ENST00000257566	NM_016569.3	372	gaG/gaC	7/8	NA	NA	NA	NA	NA	NA	NA	NA	NA	PASS	benign	0.01	tolerated	0.4	NA	150	380	SUCCESS	False	Sample8	Sample8
KMT2D	8085	MSK	GRCh37	12	49415831	49415831	+	missense_variant	Missense_Mutation	SNP	C	C	G		NA				NA	NA	NA	NA	Unknown	NA	SOMATIC	NA	NA	NA	NA	NA	NA	461	96	175	0	ENST00000301067.7:c.16516G>C	p.Glu5506Gln	p.E5506Q	ENST00000301067	NM_003482.3	5506	Gag/Cag	53/54	NA	NA	NA	NA	NA	NA	NA	NA	NA	PASS	probably_damaging	0.999	deleterious	0	NA	175	557	SUCCESS	False	Sample8	Sample8
KMT2C	58508	MSK	GRCh37	7	151949168	151949168	+	missense_variant	Missense_Mutation	SNP	G	G	A		NA				NA	NA	NA	NA	Unknown	NA	SOMATIC	NA	NA	NA	NA	NA	NA	516	192	230	0	ENST00000262189.6:c.1477C>T	p.His493Tyr	p.H493Y	ENST00000262189	NM_170606.2	493	Cac/Tac	11/59	NA	NA	NA	NA	NA	NA	NA	NA	NA	PASS	probably_damaging	0.915	deleterious	0	NA	230	708	SUCCESS	False	Sample4	Sample4
BRD4	23476	MSK	GRCh37	19	15366932	15366932	+	missense_variant	Missense_Mutation	SNP	G	G	C		NA				NA	NA	NA	NA	Unknown	NA	SOMATIC	NA	NA	NA	NA	NA	NA	1270	384	487	0	ENST00000263377.2:c.1694C>G	p.Ala565Gly	p.A565G	ENST00000263377	NM_058243.2	565	gCc/gGc	9/20	NA	NA	NA	NA	NA	NA	NA	NA	NA	PASS	benign	0	tolerated	0.25	NA	487	1654	SUCCESS	False	Sample8	Sample8
CTCF	10664	MSK	GRCh37	16	67645423	67645423	+	stop_gained	Nonsense_Mutation	SNP	G	G	T		NA				NA	NA	NA	NA	Unknown	NA	SOMATIC	NA	NA	NA	NA	NA	NA	281	52	97	0	ENST00000264010.4:c.688G>T	p.Glu230Ter	p.E230*	ENST00000264010	NM_006565.3	230	Gaa/Taa	3/12	NA	NA	NA	NA	NA	NA	NA	NA	NA	PASS		NA		NA	NA	97	333	SUCCESS	False	Sample8	Sample8
MTOR	2475	MSK	GRCh37	1	11205033	11205033	+	missense_variant	Missense_Mutation	SNP	C	C	G		NA				NA	NA	NA	NA	Unknown	NA	SOMATIC	NA	NA	NA	NA	NA	NA	643	134	267	0	ENST00000361445.4:c.4756G>C	p.Ala1586Pro	p.A1586P	ENST00000361445	NM_004958.3	1586	Gca/Cca	33/58	NA	NA	NA	NA	NA	NA	NA	NA	NA	PASS	probably_damaging	0.999	deleterious	0	NA	267	777	SUCCESS	False	Sample8	Sample8
KDR	3791	MSK	GRCh37	4	55972024	55972024	+	missense_variant	Missense_Mutation	SNP	C	C	G		NA				NA	NA	NA	NA	Unknown	NA	SOMATIC	NA	NA	NA	NA	NA	NA	543	99	214	0	ENST00000263923.4:c.1620G>C	p.Glu540Asp	p.E540D	ENST00000263923	NM_002253.2	540	gaG/gaC	12/30	NA	NA	NA	NA	NA	NA	NA	NA	NA	PASS	possibly_damaging	0.895	deleterious	0.02	NA	214	642	SUCCESS	False	Sample8	Sample8
PAX5	5079	MSK	GRCh37	9	37020683	37020684	+	missense_variant	Missense_Mutation	DNP	GA	GA	TT		NA				NA	NA	NA	NA	Unknown	NA	SOMATIC	NA	NA	NA	NA	NA	NA	313	84	154	0	ENST00000358127.4:c.161_162delinsAA	p.Ile54Lys	p.I54K	ENST00000358127	NM_001280556.1	54	aTC/aAA	2/10	NA	NA	NA	NA	NA	NA	NA	NA	NA	PASS	probably_damaging	0.998	deleterious	0	NA	154	397	SUCCESS	False	Sample8	Sample8
AKT1	207	MSK	GRCh37	14	105239627	105239627	+	missense_variant	Missense_Mutation	SNP	C	C	T		NA				NA	NA	NA	NA	Unknown	NA	UNKNOWN	NA	NA	NA	NA	NA	NA	801	189	435	0	ENST00000349310.3:c.918G>A	p.Met306Ile	p.M306I	ENST00000349310	NM_001014432.1	306	atG/atA	11/15	NA	NA	NA	NA	NA	NA	NA	NA	NA	PASS	benign	0.095	deleterious	0.04	NA	435	990	SUCCESS	False	Sample2	Sample2
CDK12	51755	MSK	GRCh37	17	37681084	37681084	+	missense_variant	Missense_Mutation	SNP	G	G	C		NA				NA	NA	NA	NA	Unknown	NA	SOMATIC	NA	NA	NA	NA	NA	NA	187	81	119	0	ENST00000447079.4:c.3253G>C	p.Ala1085Pro	p.A1085P	ENST00000447079	NM_015083.1	1085	Gca/Cca	12/14	NA	NA	NA	NA	NA	NA	NA	NA	NA	PASS	possibly_damaging	0.77	tolerated	0.24	NA	119	268	SUCCESS	False	Sample8	Sample8
CSF1R	1436	MSK	GRCh37	5	149449754	149449754	+	missense_variant	Missense_Mutation	SNP	T	T	A		NA				NA	NA	NA	NA	Unknown	NA	SOMATIC	NA	NA	NA	NA	NA	NA	315	55	111	0	ENST00000286301.3:c.1310A>T	p.His437Leu	p.H437L	ENST00000286301	NM_005211.3	437	cAc/cTc	9/22	NA	NA	NA	NA	NA	NA	NA	NA	NA	PASS	benign	0.443	tolerated	0.67	NA	111	370	SUCCESS	False	Sample8	Sample8
NOTCH1	4851	MSK	GRCh37	9	139405160	139405160	+	missense_variant	Missense_Mutation	SNP	G	G	C		NA				NA	NA	NA	NA	Unknown	NA	SOMATIC	NA	NA	NA	NA	NA	NA	434	58	174	0	ENST00000277541.6:c.2685C>G	p.Cys895Trp	p.C895W	ENST00000277541	NM_017617.3	895	tgC/tgG	17/34	NA	NA	NA	NA	NA	NA	NA	NA	NA	PASS	probably_damaging	1	deleterious	0	NA	174	492	SUCCESS	False	Sample8	Sample8
KMT2D	8085	MSK	GRCh37	12	49421682	49421682	+	missense_variant	Missense_Mutation	SNP	G	G	C		NA				NA	NA	NA	NA	Unknown	NA	SOMATIC	NA	NA	NA	NA	NA	NA	646	155	250	0	ENST00000301067.7:c.14547C>G	p.Ser4849Arg	p.S4849R	ENST00000301067	NM_003482.3	4849	agC/agG	47/54	NA	NA	NA	NA	NA	NA	NA	NA	NA	PASS	benign	0.077	tolerated	0.1	NA	250	801	SUCCESS	False	Sample8	Sample8
PARK2	0	MSK	GRCh37	6	161781164	161781164	+	missense_variant	Missense_Mutation	SNP	G	G	C		NA				NA	NA	NA	NA	Unknown	NA	SOMATIC	NA	NA	NA	NA	NA	NA	570	132	269	0	ENST00000366898.1:c.1241C>G	p.Thr414Ser	p.T414S	ENST00000366898	NM_004562.2	414	aCc/aGc	11/12	NA	NA	NA	NA	NA	NA	NA	NA	NA	PASS	possibly_damaging	0.705	tolerated	0.5	NA	269	702	SUCCESS	False	Sample8	Sample8
FAT1	2195	MSK	GRCh37	4	187629919	187629919	+	missense_variant	Missense_Mutation	SNP	C	C	G		NA				NA	NA	NA	NA	Unknown	NA	UNKNOWN	NA	NA	NA	NA	NA	NA	570	168	433	0	ENST00000441802.2:c.1063G>C	p.Val355Leu	p.V355L	ENST00000441802	NM_005245.3	355	Gtg/Ctg	2/27	NA	NA	NA	NA	NA	NA	NA	NA	NA	PASS	benign	0.003	tolerated	0.68	NA	433	738	SUCCESS	False	Sample2	Sample2
KRAS	3845	MSK	GRCh37	12	25398284	25398284	+	missense_variant	Missense_Mutation	SNP	C	C	G	rs121913529	NA				NA	NA	NA	NA	Unknown	NA	SOMATIC	NA	NA	NA	NA	NA	NA	637	169	204	0	ENST00000256078.4:c.35G>C	p.Gly12Ala	p.G12A	ENST00000256078	NM_033360.2	12	gGt/gCt	2/6	0	0	0	0	0	0	0	0	0	PASS	possibly_damaging	0.723	deleterious	0.02	NA	204	806	SUCCESS	False	Sample8	Sample8
PBRM1	55193	MSK	GRCh37	3	52696244	52696244	+	missense_variant	Missense_Mutation	SNP	G	G	C		NA				NA	NA	NA	NA	Unknown	NA	SOMATIC	NA	NA	NA	NA	NA	NA	788	206	301	0	ENST00000296302.7:c.433C>G	p.Leu145Val	p.L145V	ENST00000296302		145	Ctt/Gtt	4/30	NA	NA	NA	NA	NA	NA	NA	NA	NA	PASS	benign	0.007	tolerated	0.24	NA	301	994	SUCCESS	False	Sample8	Sample8
PTPRS	5802	MSK	GRCh37	19	5221123	5221123	+	missense_variant	Missense_Mutation	SNP	C	C	T	rs769925793	NA				NA	NA	NA	NA	Unknown	NA	UNKNOWN	NA	NA	NA	NA	NA	NA	327	119	265	0	ENST00000357368.4:c.3343G>A	p.Ala1115Thr	p.A1115T	ENST00000357368	NM_002850.3	1115	Gcc/Acc	20/38	4.77848e-05	0	0	0	0	0	0.000105721	0	0	PASS	possibly_damaging	0.495	tolerated	0.46	NA	265	446	SUCCESS	False	Sample2	Sample2
PIK3CA	5290	MSK	GRCh37	3	178936091	178936091	+	missense_variant	Missense_Mutation	SNP	G	G	C	rs104886003	NA				NA	NA	NA	NA	Unknown	NA	SOMATIC	NA	NA	NA	NA	NA	NA	427	22	134	0	ENST00000263967.3:c.1633G>C	p.Glu545Gln	p.E545Q	ENST00000263967	NM_006218.2	545	Gag/Cag	10/21	NA	NA	NA	NA	NA	NA	NA	NA	NA	PASS	possibly_damaging	0.734	tolerated	0.06	NA	134	449	SUCCESS	False	Sample10	Sample10
KIT	3815	MSK	GRCh37	4	55604709	55604709	+	missense_variant	Missense_Mutation	SNP	C	C	G		NA				NA	NA	NA	NA	Unknown	NA	SOMATIC	NA	NA	NA	NA	NA	NA	332	54	141	0	ENST00000288135.5:c.2917C>G	p.His973Asp	p.H973D	ENST00000288135	NM_000222.2	973	Cac/Gac	21/21	NA	NA	NA	NA	NA	NA	NA	NA	NA	PASS	benign	0.421	tolerated	0.14	NA	141	386	SUCCESS	False	Sample8	Sample8
NSD1	64324	MSK	GRCh37	5	176665424	176665424	+	missense_variant	Missense_Mutation	SNP	C	C	A		NA				NA	NA	NA	NA	Unknown	NA	SOMATIC	NA	NA	NA	NA	NA	NA	478	97	190	0	ENST00000439151.2:c.4108C>A	p.Gln1370Lys	p.Q1370K	ENST00000439151	NM_022455.4	1370	Cag/Aag	7/23	NA	NA	NA	NA	NA	NA	NA	NA	NA	PASS	benign	0	tolerated_low_confidence	0.07	NA	190	575	SUCCESS	False	Sample8	Sample8
RUNX1	861	MSK	GRCh37	21	36206859	36206859	+	missense_variant	Missense_Mutation	SNP	C	C	G		NA				NA	NA	NA	NA	Unknown	NA	SOMATIC	NA	NA	NA	NA	NA	NA	213	73	89	0	ENST00000344691.4:c.572G>C	p.Ser191Thr	p.S191T	ENST00000344691	NM_001001890.2	191	aGc/aCc	4/6	NA	NA	NA	NA	NA	NA	NA	NA	NA	PASS	benign	0.005	tolerated	0.26	NA	89	286	SUCCESS	False	Sample8	Sample8
PIK3C2G	5288	MSK	GRCh37	12	18793366	18793366	+	missense_variant	Missense_Mutation	SNP	C	C	T		NA				NA	NA	NA	NA	Unknown	NA	UNKNOWN	NA	NA	NA	NA	NA	NA	1148	241	346	0	ENST00000266497.5:c.4063C>T	p.Leu1355Phe	p.L1355F	ENST00000266497		1355	Ctc/Ttc	30/31	NA	NA	NA	NA	NA	NA	NA	NA	NA	PASS	probably_damaging	0.957	deleterious	0	NA	346	1389	SUCCESS	False	Sample2	Sample2
IGF1R	3480	MSK	GRCh37	15	99250890	99250890	+	missense_variant	Missense_Mutation	SNP	C	C	G		NA				NA	NA	NA	NA	Unknown	NA	SOMATIC	NA	NA	NA	NA	NA	NA	527	353	329	0	ENST00000268035.6:c.194C>G	p.Ser65Cys	p.S65C	ENST00000268035	NM_000875.3	65	tCc/tGc	2/21	NA	NA	NA	NA	NA	NA	NA	NA	NA	PASS	possibly_damaging	0.68	tolerated	0.07	NA	329	880	SUCCESS	False	Sample4	Sample4
SYK	6850	MSK	GRCh37	9	93606514	93606514	+	missense_variant	Missense_Mutation	SNP	G	G	C		NA				NA	NA	NA	NA	Unknown	NA	SOMATIC	NA	NA	NA	NA	NA	NA	367	48	174	0	ENST00000375746.1:c.334G>C	p.Gly112Arg	p.G112R	ENST00000375746	NM_001174167.1	112	Ggg/Cgg	2/14	NA	NA	NA	NA	NA	NA	NA	NA	NA	PASS	possibly_damaging	0.779	deleterious	0	NA	174	415	SUCCESS	False	Sample8	Sample8
KDM6A	7403	MSK	GRCh37	X	44969425	44969425	+	frameshift_variant	Frame_Shift_Del	DEL	G	G	-		NA				NA	NA	NA	NA	Unknown	NA	SOMATIC	NA	NA	NA	NA	NA	NA	239	284	408	0	ENST00000377967.4:c.4108del	p.Glu1370LysfsTer6	p.E1370Kfs*6	ENST00000377967	NM_021140.2	1369	ttG/tt	28/29	NA	NA	NA	NA	NA	NA	NA	NA	NA	PASS		NA		NA	NA	408	523	SUCCESS	False	Sample1	Sample1
ETV6	2120	MSK	GRCh37	12	12043921	12043921	+	missense_variant	Missense_Mutation	SNP	C	C	G		NA				NA	NA	NA	NA	Unknown	NA	SOMATIC	NA	NA	NA	NA	NA	NA	433	108	201	0	ENST00000396373.4:c.1300C>G	p.Leu434Val	p.L434V	ENST00000396373	NM_001987.4	434	Ctg/Gtg	8/8	NA	NA	NA	NA	NA	NA	NA	NA	NA	PASS	possibly_damaging	0.857	deleterious	0.01	NA	201	541	SUCCESS	False	Sample8	Sample8
TP53	7157	MSK	GRCh37	17	7577141	7577141	+	missense_variant	Missense_Mutation	SNP	C	C	T	rs193920774	NA				NA	NA	NA	NA	Unknown	NA	SOMATIC	NA	NA	NA	NA	NA	NA	1175	82	360	0	ENST00000269305.4:c.797G>A	p.Gly266Glu	p.G266E	ENST00000269305	NM_001126112.2	266	gGa/gAa	8/11	NA	NA	NA	NA	NA	NA	NA	NA	NA	PASS	probably_damaging	0.999	deleterious	0	NA	360	1257	SUCCESS	False	Sample5	Sample5
TGFBR2	7048	MSK	GRCh37	3	30713870	30713870	+	missense_variant	Missense_Mutation	SNP	G	G	C	rs1023568316	NA				NA	NA	NA	NA	Unknown	NA	UNKNOWN	NA	NA	NA	NA	NA	NA	537	136	244	0	ENST00000295754.5:c.1195G>C	p.Gly399Arg	p.G399R	ENST00000295754	NM_003242.5	399	Ggg/Cgg	4/7	NA	NA	NA	NA	NA	NA	NA	NA	NA	PASS	probably_damaging	1	deleterious	0	NA	244	673	SUCCESS	False	Sample2	Sample2
NCOR1	9611	MSK	GRCh37	17	15979006	15979006	+	missense_variant	Missense_Mutation	SNP	G	G	C		NA				NA	NA	NA	NA	Unknown	NA	SOMATIC	NA	NA	NA	NA	NA	NA	349	83	180	0	ENST00000268712.3:c.3512C>G	p.Ala1171Gly	p.A1171G	ENST00000268712	NM_006311.3	1171	gCt/gGt	27/46	NA	NA	NA	NA	NA	NA	NA	NA	NA	PASS	benign	0.396	deleterious	0.01	NA	180	432	SUCCESS	False	Sample8	Sample8
FAT1	2195	MSK	GRCh37	4	187584540	187584540	+	missense_variant	Missense_Mutation	SNP	C	C	G		NA				NA	NA	NA	NA	Unknown	NA	SOMATIC	NA	NA	NA	NA	NA	NA	510	106	188	0	ENST00000441802.2:c.3493G>C	p.Asp1165His	p.D1165H	ENST00000441802	NM_005245.3	1165	Gat/Cat	3/27	NA	NA	NA	NA	NA	NA	NA	NA	NA	PASS	probably_damaging	1	deleterious	0	NA	188	616	SUCCESS	False	Sample8	Sample8
FGFR2	2263	MSK	GRCh37	10	123279549	123279549	+	missense_variant	Missense_Mutation	SNP	C	C	G		NA				NA	NA	NA	NA	Unknown	NA	SOMATIC	NA	NA	NA	NA	NA	NA	572	148	263	0	ENST00000358487.5:c.883G>C	p.Glu295Gln	p.E295Q	ENST00000358487	NM_000141.4	295	Gaa/Caa	7/18	NA	NA	NA	NA	NA	NA	NA	NA	NA	PASS	probably_damaging	0.974	tolerated	0.06	NA	263	720	SUCCESS	False	Sample8	Sample8
STK11	6794	MSK	GRCh37	19	1223034	1223034	+	missense_variant	Missense_Mutation	SNP	C	C	G		NA				NA	NA	NA	NA	Unknown	NA	SOMATIC	NA	NA	NA	NA	NA	NA	483	119	157	0	ENST00000326873.7:c.971C>G	p.Pro324Arg	p.P324R	ENST00000326873	NM_000455.4	324	cCg/cGg	8/10	NA	NA	NA	NA	NA	NA	NA	NA	NA	PASS	possibly_damaging	0.822	deleterious	0.01	NA	157	602	SUCCESS	False	Sample8	Sample8
NTRK1	4914	MSK	GRCh37	1	156851379	156851379	+	missense_variant	Missense_Mutation	SNP	C	C	G	rs1268901114	NA				NA	NA	NA	NA	Unknown	NA	SOMATIC	NA	NA	NA	NA	NA	NA	265	27	119	0	ENST00000524377.1:c.2336C>G	p.Ala779Gly	p.A779G	ENST00000524377	NM_002529.3	779	gCc/gGc	17/17	NA	NA	NA	NA	NA	NA	NA	NA	NA	PASS	benign	0.009	tolerated	0.23	NA	119	292	SUCCESS	False	Sample8	Sample8
FGFR3	2261	MSK	GRCh37	4	1806092	1806092	+	protein_altering_variant	In_Frame_Ins	INS	A	A	CACT		NA				NA	NA	NA	NA	Unknown	NA	SOMATIC	NA	NA	NA	NA	NA	NA	816	370	339	0	ENST00000260795.2:c.1111delinsCACT	p.Ser371delinsHisCys	p.S371delinsHC	ENST00000260795		371	Agt/CACTgt	8/17	NA	NA	NA	NA	NA	NA	NA	NA	NA	PASS		NA		NA	NA	339	1186	SUCCESS	False	Sample3	Sample3
STAG2	10735	MSK	GRCh37	X	123179189	123179189	+	missense_variant	Missense_Mutation	SNP	G	G	C		NA				NA	NA	NA	NA	Unknown	NA	SOMATIC	NA	NA	NA	NA	NA	NA	206	201	112	0	ENST00000371144.3:c.638G>C	p.Arg213Thr	p.R213T	ENST00000371144	NM_001042751.1	213	aGa/aCa	8/34	NA	NA	NA	NA	NA	NA	NA	NA	NA	PASS	possibly_damaging	0.842	deleterious	0	NA	112	407	SUCCESS	False	Sample8	Sample8
HIST1H1C	3006	MSK	GRCh37	6	26056417	26056417	+	missense_variant	Missense_Mutation	SNP	G	G	C	rs114826548	NA				NA	NA	NA	NA	Unknown	NA	SOMATIC	NA	NA	NA	NA	NA	NA	356	97	121	0	ENST00000343677.2:c.240C>G	p.Ile80Met	p.I80M	ENST00000343677	NM_005319.3	80	atC/atG	1/1	NA	NA	NA	NA	NA	NA	NA	NA	NA	PASS	probably_damaging	0.995	deleterious	0	NA	121	453	SUCCESS	False	Sample8	Sample8
NTRK2	4915	MSK	GRCh37	9	87549155	87549155	+	missense_variant	Missense_Mutation	SNP	C	C	G		NA				NA	NA	NA	NA	Unknown	NA	SOMATIC	NA	NA	NA	NA	NA	NA	400	48	203	0	ENST00000323115.4:c.1664C>G	p.Ala555Gly	p.A555G	ENST00000323115		555	gCt/gGt	13/17	NA	NA	NA	NA	NA	NA	NA	NA	NA	PASS	probably_damaging	0.978	tolerated	0.07	NA	203	448	SUCCESS	False	Sample8	Sample8
KEAP1	9817	MSK	GRCh37	19	10602641	10602641	+	missense_variant	Missense_Mutation	SNP	G	G	C		NA				NA	NA	NA	NA	Unknown	NA	SOMATIC	NA	NA	NA	NA	NA	NA	343	127	197	0	ENST00000171111.5:c.937C>G	p.Pro313Ala	p.P313A	ENST00000171111	NM_203500.1	313	Ccc/Gcc	3/6	NA	NA	NA	NA	NA	NA	NA	NA	NA	PASS	possibly_damaging	0.541	tolerated	0.48	NA	197	470	SUCCESS	False	Sample8	Sample8
KDM6A	7403	MSK	GRCh37	X	44950066	44950066	+	stop_gained	Nonsense_Mutation	SNP	C	C	T	rs863224886	NA				NA	NA	NA	NA	Unknown	NA	SOMATIC	NA	NA	NA	NA	NA	NA	479	145	281	0	ENST00000377967.4:c.3835C>T	p.Arg1279Ter	p.R1279*	ENST00000377967	NM_021140.2	1279	Cga/Tga	26/29	NA	NA	NA	NA	NA	NA	NA	NA	NA	PASS		NA		NA	NA	281	624	SUCCESS	False	Sample6	Sample6
FGFR4	2264	MSK	GRCh37	5	176518800	176518800	+	missense_variant	Missense_Mutation	SNP	G	G	C		NA				NA	NA	NA	NA	Unknown	NA	SOMATIC	NA	NA	NA	NA	NA	NA	126	24	405	0	ENST00000292408.4:c.718G>C	p.Asp240His	p.D240H	ENST00000292408	NM_213647.1	240	Gat/Cat	6/18	NA	NA	NA	NA	NA	NA	NA	NA	NA	PASS	probably_damaging	0.99	deleterious	0	NA	405	150	SUCCESS	False	Sample1	Sample1
CIC	23152	MSK	GRCh37	19	42796756	42796756	+	missense_variant	Missense_Mutation	SNP	G	G	A	rs781265178	NA				NA	NA	NA	NA	Unknown	NA	SOMATIC	NA	NA	NA	NA	NA	NA	217	76	439	0	ENST00000575354.2:c.3214G>A	p.Val1072Met	p.V1072M	ENST00000575354	NM_015125.3	1072	Gtg/Atg	14/20	1.19932e-05	0	0	0	0	4.64943e-05	8.86242e-06	0	3.26797e-05	PASS	benign	0.288	tolerated_low_confidence	0.15	NA	439	293	SUCCESS	False	Sample1	Sample1
NOTCH4	4855	MSK	GRCh37	6	32170183	32170183	+	missense_variant	Missense_Mutation	SNP	T	T	C		NA				NA	NA	NA	NA	Unknown	NA	SOMATIC	NA	NA	NA	NA	NA	NA	547	314	245	0	ENST00000375023.3:c.3425A>G	p.Tyr1142Cys	p.Y1142C	ENST00000375023	NM_004557.3	1142	tAc/tGc	21/30	NA	NA	NA	NA	NA	NA	NA	NA	NA	PASS	benign	0.088	deleterious	0.01	NA	245	861	SUCCESS	False	Sample3	Sample3
PTPRT	11122	MSK	GRCh37	20	40828029	40828029	+	splice_acceptor_variant	Splice_Site	SNP	C	C	A		NA				NA	NA	NA	NA	Unknown	NA	SOMATIC	NA	NA	NA	NA	NA	NA	289	44	136	0	ENST00000373187.1:c.2343-1G>T		p.X781_splice	ENST00000373187		781			NA	NA	NA	NA	NA	NA	NA	NA	NA	PASS		NA		NA	NA	136	333	SUCCESS	False	Sample6	Sample6
FAT1	2195	MSK	GRCh37	4	187525118	187525118	+	missense_variant	Missense_Mutation	SNP	C	C	G		NA				NA	NA	NA	NA	Unknown	NA	UNKNOWN	NA	NA	NA	NA	NA	NA	161	64	95	0	ENST00000441802.2:c.10562G>C	p.Gly3521Ala	p.G3521A	ENST00000441802	NM_005245.3	3521	gGa/gCa	19/27	NA	NA	NA	NA	NA	NA	NA	NA	NA	PASS	probably_damaging	0.993	deleterious	0.01	NA	95	225	SUCCESS	False	Sample2	Sample2
PIK3R3	8503	MSK	GRCh37	1	46509356	46509356	+	missense_variant	Missense_Mutation	SNP	G	G	C		NA				NA	NA	NA	NA	Unknown	NA	SOMATIC	NA	NA	NA	NA	NA	NA	320	75	125	0	ENST00000262741.5:c.1375C>G	p.Leu459Val	p.L459V	ENST00000262741	NM_003629.3	459	Ctt/Gtt	10/10	NA	NA	NA	NA	NA	NA	NA	NA	NA	PASS	benign	0.023	tolerated_low_confidence	0.19	NA	125	395	SUCCESS	False	Sample8	Sample8
TERT	7015	MSK	GRCh37	5	1295228	1295228	+	upstream_gene_variant	5'Flank	SNP	G	G	A	rs1242535815	NA				NA	NA	NA	NA	Unknown	NA	SOMATIC	NA	NA	NA	NA	NA	NA	18	79	174	0				ENST00000310581	NM_198253.2	NA			NA	NA	NA	NA	NA	NA	NA	NA	NA	PASS		NA		NA	NA	174	97	SUCCESS	False	Sample4	Sample4
CUL3	8452	MSK	GRCh37	2	225449660	225449660	+	splice_donor_variant	Splice_Site	SNP	C	C	G		NA				NA	NA	NA	NA	Unknown	NA	SOMATIC	NA	NA	NA	NA	NA	NA	768	137	316	0	ENST00000264414.4:c.66+1G>C		p.X22_splice	ENST00000264414	NM_003590.4	22			NA	NA	NA	NA	NA	NA	NA	NA	NA	PASS		NA		NA	NA	316	905	SUCCESS	False	Sample8	Sample8
KIT	3815	MSK	GRCh37	4	55593383	55593383	+	splice_acceptor_variant	Splice_Site	SNP	G	G	C		NA				NA	NA	NA	NA	Unknown	NA	SOMATIC	NA	NA	NA	NA	NA	NA	552	117	204	0	ENST00000288135.5:c.1541-1G>C		p.X514_splice	ENST00000288135	NM_000222.2	514			NA	NA	NA	NA	NA	NA	NA	NA	NA	PASS		NA		NA	NA	204	669	SUCCESS	False	Sample8	Sample8
KDM5A	5927	MSK	GRCh37	12	416735	416735	+	missense_variant	Missense_Mutation	SNP	G	G	C	rs1388597811	NA				NA	NA	NA	NA	Unknown	NA	SOMATIC	NA	NA	NA	NA	NA	NA	404	109	172	0	ENST00000399788.2:c.3815C>G	p.Ala1272Gly	p.A1272G	ENST00000399788	NM_001042603.1	1272	gCc/gGc	23/28	NA	NA	NA	NA	NA	NA	NA	NA	NA	PASS	probably_damaging	0.949	tolerated	0.09	NA	172	513	SUCCESS	False	Sample8	Sample8
TERT	7015	MSK	GRCh37	5	1279457	1279457	+	missense_variant	Missense_Mutation	SNP	G	G	T		NA				NA	NA	NA	NA	Unknown	NA	UNKNOWN	NA	NA	NA	NA	NA	NA	695	115	335	0	ENST00000310581.5:c.2079C>A	p.Phe693Leu	p.F693L	ENST00000310581	NM_198253.2	693	ttC/ttA	5/16	NA	NA	NA	NA	NA	NA	NA	NA	NA	PASS	probably_damaging	0.999	tolerated	0.08	NA	335	810	SUCCESS	False	Sample2	Sample2
SUFU	51684	MSK	GRCh37	10	104263980	104263981	+	frameshift_variant	Frame_Shift_Ins	INS	-	-	T		NA				NA	NA	NA	NA	Unknown	NA	SOMATIC	NA	NA	NA	NA	NA	NA	577	132	232	0	ENST00000369902.3:c.71_72insT	p.Ala25GlyfsTer23	p.A25Gfs*23	ENST00000369902	NM_016169.3	24	ccg/ccTg	1/12	NA	NA	NA	NA	NA	NA	NA	NA	NA	PASS		NA		NA	NA	232	709	SUCCESS	False	Sample8	Sample8
PTPRD	5789	MSK	GRCh37	9	8341902	8341902	+	missense_variant	Missense_Mutation	SNP	C	C	A		NA				NA	NA	NA	NA	Unknown	NA	UNKNOWN	NA	NA	NA	NA	NA	NA	864	194	465	0	ENST00000356435.5:c.4738G>T	p.Asp1580Tyr	p.D1580Y	ENST00000356435		1580	Gat/Tat	29/35	NA	NA	NA	NA	NA	NA	NA	NA	NA	PASS	probably_damaging	1	deleterious	0	NA	465	1058	SUCCESS	False	Sample2	Sample2
PIK3CA	5290	MSK	GRCh37	3	178936091	178936091	+	missense_variant	Missense_Mutation	SNP	G	G	A	rs104886003	NA				NA	NA	NA	NA	Unknown	NA	UNKNOWN	NA	NA	NA	NA	NA	NA	357	80	104	0	ENST00000263967.3:c.1633G>A	p.Glu545Lys	p.E545K	ENST00000263967	NM_006218.2	545	Gag/Aag	10/21	NA	NA	NA	NA	NA	NA	NA	NA	NA	PASS	probably_damaging	0.909	deleterious	0.02	NA	104	437	SUCCESS	False	Sample2	Sample2
KMT2D	8085	MSK	GRCh37	12	49431787	49431787	+	missense_variant	Missense_Mutation	SNP	C	C	G		NA				NA	NA	NA	NA	Unknown	NA	SOMATIC	NA	NA	NA	NA	NA	NA	315	225	229	0	ENST00000301067.7:c.9352G>C	p.Val3118Leu	p.V3118L	ENST00000301067	NM_003482.3	3118	Gtg/Ctg	34/54	NA	NA	NA	NA	NA	NA	NA	NA	NA	PASS	benign	0.013	deleterious	0.01	NA	229	540	SUCCESS	False	Sample9	Sample9
PTPRD	5789	MSK	GRCh37	9	8389292	8389298	+	frameshift_variant	Frame_Shift_Del	DEL	CATTCTC	CATTCTC	-		NA				NA	NA	NA	NA	Unknown	NA	UNKNOWN	NA	NA	NA	NA	NA	NA	948	159	500	0	ENST00000356435.5:c.4320_4326del	p.Trp1440Ter	p.W1440*	ENST00000356435		1440	tgGAGAATG/tg	26/35	NA	NA	NA	NA	NA	NA	NA	NA	NA	PASS		NA		NA	NA	500	1107	SUCCESS	False	Sample2	Sample2
NOTCH2	4853	MSK	GRCh37	1	120458129	120458129	+	missense_variant	Missense_Mutation	SNP	C	C	A		NA				NA	NA	NA	NA	Unknown	NA	UNKNOWN	NA	NA	NA	NA	NA	NA	658	347	362	0	ENST00000256646.2:c.7216G>T	p.Gly2406Cys	p.G2406C	ENST00000256646	NM_024408.3	2406	Ggt/Tgt	34/34	NA	NA	NA	NA	NA	NA	NA	NA	NA	PASS	possibly_damaging	0.819	tolerated	0.12	NA	362	1005	SUCCESS	False	Sample2	Sample2
CDKN1A	1026	MSK	GRCh37	6	36652074	36652074	+	stop_gained	Nonsense_Mutation	SNP	G	G	T	rs1213488369	NA				NA	NA	NA	NA	Unknown	NA	SOMATIC	NA	NA	NA	NA	NA	NA	1248	88	348	0	ENST00000244741.5:c.196G>T	p.Glu66Ter	p.E66*	ENST00000244741	NM_000389.4	66	Gag/Tag	2/3	NA	NA	NA	NA	NA	NA	NA	NA	NA	PASS		NA		NA	NA	348	1336	SUCCESS	False	Sample3	Sample3
ALK	238	MSK	GRCh37	2	29474101	29474101	+	missense_variant	Missense_Mutation	SNP	C	C	G		NA				NA	NA	NA	NA	Unknown	NA	SOMATIC	NA	NA	NA	NA	NA	NA	355	48	183	1	ENST00000389048.3:c.2074G>C	p.Gly692Arg	p.G692R	ENST00000389048	NM_004304.4	692	Ggg/Cgg	12/29	NA	NA	NA	NA	NA	NA	NA	NA	NA	PASS	probably_damaging	1	deleterious	0	NA	184	403	SUCCESS	False	Sample8	Sample8
FAT1	2195	MSK	GRCh37	4	187518888	187518888	+	missense_variant	Missense_Mutation	SNP	C	C	G		NA				NA	NA	NA	NA	Unknown	NA	SOMATIC	NA	NA	NA	NA	NA	NA	298	375	444	0	ENST00000441802.2:c.12316G>C	p.Asp4106His	p.D4106H	ENST00000441802	NM_005245.3	4106	Gac/Cac	24/27	NA	NA	NA	NA	NA	NA	NA	NA	NA	PASS	probably_damaging	1	deleterious	0.03	NA	444	673	SUCCESS	False	Sample4	Sample4
TERT	7015	MSK	GRCh37	5	1295228	1295228	+	upstream_gene_variant	5'Flank	SNP	G	G	A	rs1242535815	NA				NA	NA	NA	NA	Unknown	NA	SOMATIC	NA	NA	NA	NA	NA	NA	270	69	112	0				ENST00000310581	NM_198253.2	NA			NA	NA	NA	NA	NA	NA	NA	NA	NA	PASS		NA		NA	NA	112	339	SUCCESS	False	Sample9	Sample9
ERCC2	2068	MSK	GRCh37	19	45858091	45858092	+	missense_variant	Missense_Mutation	DNP	CC	CC	AT		NA				NA	NA	NA	NA	Unknown	NA	SOMATIC	NA	NA	NA	NA	NA	NA	333	94	167	0	ENST00000391945.4:c.1561_1562delinsAT	p.Gly521Met	p.G521M	ENST00000391945	NM_000400.3	521	GGg/ATg	17/23	NA	NA	NA	NA	NA	NA	NA	NA	NA	PASS	possibly_damaging	0.905	deleterious	0	NA	167	427	SUCCESS	False	Sample8	Sample8
FLT4	2324	MSK	GRCh37	5	180043980	180043980	+	missense_variant	Missense_Mutation	SNP	G	G	C	rs1205297853	NA				NA	NA	NA	NA	Unknown	NA	SOMATIC	NA	NA	NA	NA	NA	NA	366	86	173	0	ENST00000261937.6:c.3016C>G	p.Leu1006Val	p.L1006V	ENST00000261937	NM_182925.4	1006	Ctg/Gtg	22/30	NA	NA	NA	NA	NA	NA	NA	NA	NA	PASS	benign	0.348	tolerated	0.07	NA	173	452	SUCCESS	False	Sample8	Sample8
PIK3R3	8503	MSK	GRCh37	1	46521510	46521510	+	missense_variant	Missense_Mutation	SNP	G	G	A		NA				NA	NA	NA	NA	Unknown	NA	SOMATIC	NA	NA	NA	NA	NA	NA	70	37	153	0	ENST00000262741.5:c.898C>T	p.Pro300Ser	p.P300S	ENST00000262741	NM_003629.3	300	Cct/Tct	7/10	NA	NA	NA	NA	NA	NA	NA	NA	NA	PASS	probably_damaging	0.987	tolerated	0.06	NA	153	107	SUCCESS	False	Sample7	Sample7
BLM	641	MSK	GRCh37	15	91292815	91292815	+	stop_gained	Nonsense_Mutation	SNP	C	C	A		NA				NA	NA	NA	NA	Unknown	NA	SOMATIC	NA	NA	NA	NA	NA	NA	641	51	618	0	ENST00000355112.3:c.317C>A	p.Ser106Ter	p.S106*	ENST00000355112	NM_000057.2	106	tCa/tAa	3/22	NA	NA	NA	NA	NA	NA	NA	NA	NA	PASS		NA		NA	NA	618	692	SUCCESS	False	Sample1	Sample1
CDH1	999	MSK	GRCh37	16	68842692	68842692	+	missense_variant	Missense_Mutation	SNP	G	G	C		NA				NA	NA	NA	NA	Unknown	NA	SOMATIC	NA	NA	NA	NA	NA	NA	504	131	263	0	ENST00000261769.5:c.628G>C	p.Glu210Gln	p.E210Q	ENST00000261769	NM_004360.3	210	Gaa/Caa	5/16	NA	NA	NA	NA	NA	NA	NA	NA	NA	PASS	possibly_damaging	0.893	tolerated	0.18	NA	263	635	SUCCESS	False	Sample8	Sample8
